HULI_DAM_CNCR_RGN_MNG_NO,RGN_CD,SN,DAM_CNCR_RGN_TYPE_CD,DAM_CNCR_RGN_DSTRCT_TYPE_CD,DSTRCT_NM,DSTRCT_DSGN_RSN_CD,DSGN_YMD,RMV_YMD,DSTRCT_DSGN_RSN_DTL_CN,GRDNT,DONG_CD,STDG_CD,MTN_ADDR_YN,MNLNO,SUBLOTNO,DADDR,RONA_DADDR,ROAD_NM_ADDR_CD,EXPC_DAM_NOHO,EXPC_DAM_NOPE,EXPC_DAM_BLDG_CNT,EXPC_DAM_AREA,ETC_DAM_CN,SHNT_TRGT_HSHD_CNT,SHNT_TRGT_NOPE,SHNT_PLC_NM,ACTC_TNOP,HYTM_NM,HYTM_CD,ACML_RNFL,MAX_HR_RNFL,MAX_CNTY_RNFL,GD_STF_CR_TYPE_CD_1,GD_STF_CR_TYPE_CD_2,XCRD,YCRD,LAST_MDFCN_DT,DEL_YN,DSGN_TYPE,DST_TYPE,DMG_TYPE,RMRK,SSON_SE_CD,NAOL_SE_CD,DSGN_RSN_CLSF_CD,DSTRCT_DSGN_RSN_DTL_CLSF_CN,FRST_REG_DT,DSTRCT_RSN_DTL_CLSF_CD,INST_NM_1,DEPT_NM_1,JBGD_NM_1,JBTTL_NM_1,LOT,LAT
인명피해우려지역관리번호,지역코드,일련번호,피해우려지역유형코드,피해우려지역지구유형코드,지구명,지구지정사유코드,지정일자,해제일자,지구지정사유상세내용,경사도,행정동코드,법정동코드,산주소여부,주지번,부지번,상세주소,도로명상세주소,도로명주소코드,예상피해세대수,예상피해인원수,예상피해건물수,예상피해면적,기타피해내용,대피대상가구수,대피대상인원수,대피장소명,수용인원,우량계명,우량계코드,누적강우량,최대시간강우량,최대연속강우량,안내요원직업유형코드1,안내요원직업유형코드2,X좌표,Y좌표,최종수정일시,삭제여부,지정유형,재해유형,피해유형,비고,계절구분코드,신구구분코드,지정사유분류코드,지구지정사유상세분류내용,최초등록일시,지구사유상세분류코드,기관명1,부서명1,직급명1,직책명1,경도,위도
9999999999,4874000000,26590,001,002,금곡지구,017,20250426,20250531,"공사장절개지붕괴(유실,매몰)",,4874041000,4874041021,N,301,0,,,4874041021103010000064907,13,27,13,0,,,,,,길곡면,,200,30,200,,,,,2025/11/01 14:47:23,,,,,,,00,,,2017/05/18 14:47:23,,,,,,,
9999999999,3023000000,43710054,001,006,오정동 317~1번지~331-1번지,006,20250107,20250819,노면침수,,3023051000,3023010100,N,317,1,,,,,,,,,,,,,대덕구청,,,,,,,,,2025/11/01 15:45:13,,,,,,,00,,,2018/04/15 15:45:13,,,,,,,
9999999999,4311000000,26662,001,018,괴정지구,006,20250207,20250822,폭 부족 및 급축소,,4311425335,4311425335,N,743,14,,,,,,,,,,,,,청주시,4311154500,,,,,,,,2025/11/01 13:19:23,,,,,,,00,,,2018/04/16 13:19:23,,,,,,,
9999999999,4615000000,23299,001,010,석현제,005,20250902,20250913,저수지 하류에 주택(마을)이 형성되어 저수지붕괴시 인명피해 우려,,4615055000,4615010800,N,590,2,,,4615010800105900002067013,10,30,,,,,,,,순천시청,4615061000,70,180,180,,,997148.45814,1664653.988166,2025/11/01 13:26:44,,,,,,,00,,,2017/05/17 14:41:27,,,,,,127.4687596,34.9767845
9999999999,4615000000,23303,001,010,유룡제,005,20250823,20251014,"저수지 하류에 주택(마을)이 형성되어 저수지 붕괴 시 인명피해가 우려
",,4615031000,4615031037,N,839,3,,,4615031037106190003074225,4,4,,,,,,,,순천시청,4615061000,180,180,180,,,1002883.824498,1650239.211934,2025/11/01 13:25:05,,,,,,,00,,,2017/05/17 14:56:13,,,,,,127.5315443,34.8467982
9999999999,4715000000,25574,001,002,평촌지구,002,20250210,20250605,주택매몰위험,,4715045000,4715045025,N,374,3,,,4715045025103740003037800,,,,,,,,,,증산,,,,,,,,,2025/11/01 15:07:01,,,,,,,00,,,2017/05/17 15:07:01,,,,,,,
9999999999,4715000000,25576,001,001,지방도 901,001,20250712,20250906,낙석 및 매몰,,4715041000,4715041029,Y,111,3,,,4715041029201110003025535,,,,,,,,,,구성,,,,,,,,,2025/11/01 15:11:55,,,,,,,00,,,2017/05/17 15:11:55,,,,,,,
9999999999,4715000000,25579,001,002,황금1지구,002,20250113,20250511,매몰위험,,,4715010700,N,234,,,,,,,,,,,,,,시청,,,,,,,,,2025/11/01 15:22:06,,,,,,,00,,,2017/05/17 15:22:06,,,,,,,
9999999999,4715000000,25580,001,002,황금3지구,002,20250303,20250514,매몰위험,,4715056500,4715010700,N,161,7,,,4715010700101610007025299,,,,,,,,,,시청,,,,,,,,,2025/11/01 15:24:09,,,,,,,00,,,2017/05/17 15:24:09,,,,,,,
9999999999,4773000000,25705,001,018,밤실지구,018,20250404,20251027,침수피해,,4773045000,4773045035,N,700,1,,,4773045035107000003023392,,,,,,,,,,신평면,4483038000,,,,,,,,2025/11/01 15:51:12,,,,,,,00,,,2017/05/17 15:51:12,,,,,,,
9999999999,4682000000,25373,001,001,상가지구,001,20250917,20251007,임야 인근에 농경지가 위치 하고있어 토사유실 우려,,,4682031029,Y,3,,,,,,,,,,,,,,무,,,,,,,,,2025/11/01 13:18:12,,,,,,,00,,,2017/05/18 13:18:12,,,,,,,
9999999999,4682000000,25374,001,001,평활지구,001,20250805,20251008,집중호우시 계류에 유속이 빠르며 농경지에 토석 및 침수우려,,,4682031028,Y,99,,,,,,,,,,,,,,무,,,,,,,,,2025/11/01 13:20:29,,,,,,,00,,,2017/05/18 13:20:29,,,,,,,
9999999999,4311000000,26663,001,018,상평지구,006,20250831,20250924,인위적 훼손 및 세천경작,,4311425333,4311425333,N,281,4,,,,,,,,,,,,,청주시,4311154500,,,,,,,,2025/11/01 13:21:39,,,,,,,00,,,2018/04/16 13:21:39,,,,,,,
9999999999,4311000000,26664,001,018,원리지구,007,20250424,20250828,"217번지(중말1교) 교량부분파손 및 여유고 부족
238번지(중말2교) 교량부분파손 및 콘크리트 균열
221-3번지(중말3교) 홍수 시 보행자 및 차량의 통행에 위험성이 있고, 암거 중간벽체 두께가 얇아 불안",,4311425327,4311425327,N,238,,,,,,,,,,,,,,청주시,4311154500,,,,,,,,2025/11/01 13:26:32,,,,,,,00,,,2018/04/16 13:26:32,,,,,,,
9999999999,4311000000,26661,001,018,양지지구,006,20251022,20251031,하도 침식/퇴적에 따른 위험성,,4311425329,4311425329,N,17,3,,,,,,,,,,,,,청주시,4311154500,,,,,,,,2025/11/01 13:17:16,,,,,,,00,,,2018/04/16 13:17:16,,,,,,,
9999999999,3020000000,24267,001,018,언더패스(침수우려),006,20250105,20250222,하천범람시 침수,,,3020011100,N,699,,대전광역시 유성구 봉명동 699,대전광역시 유성구 봉명동 699,,,,,,,,,,,.,,,,,,,,,2025/11/01 13:52:12,,,,,,,00,,,2018/04/11 13:52:12,,,,,,,
9999999999,4311000000,20192,001,018,호죽지구,010,20250312,20251018,주거지역 및 농경지 침수우려,,,4311332032,N,637,,,,,,,10,8,,,,,,청주기상지청,,,,,,,,,2025/11/01 13:05:46,,,,,,,00,,,2018/04/09 13:05:46,,,,,,,
N999999999,2647000000,43710093,,,쌍미지구,002,20250329,20250603,,,2647068000,,Y,134,1,쌍미재건축중단공사장 ,,,,,,,,,,,,,,,,,,,,,2025/11/01 14:52:51,N,,,,,001,01,-1,,2018/04/12 14:52:51,,,,,,,
9999999999,4678000000,26485,001,018,다락금 솔밭 공원,018,20250216,20250319,보성강댐 수문 방류시(530톤/초) 다락금 공원 침수,,4678033025,4678033025,Y,31,1,,,,,,,,,,,,,50,,50,50,150,,,968361.380885,1647995.481447,2025/11/01 10:12:43,,,,,,,00,,,2018/04/12 14:49:25,,,,,,127.1540129,34.826077
N999999999,2647000000,43710094,,,연산5동주민센터인근,006,20251009,20251014,,,2647069000,2647010200,N,1290,4,연산5동주민센터인근 복개도로 ,,,,,,,,,,,,,,,,,,,,,2025/11/01 14:56:18,N,,,,,001,01,-1,,2018/04/12 14:56:18,,,,,,,
N999999999,2647000000,43710095,,,포스코더샵파크시티 인근 ,006,20250513,20250803,,,2647065000,2647010200,N,302,3,포스코더샵파크시티 인근 ,,,,,,,,,,,,,,,,,,,,,2025/11/01 14:58:36,N,,,,,001,01,-1,,2018/04/12 14:58:36,,,,,,,
9999999999,4615000000,23300,001,010,업동제,005,20250308,20250327,저수지 하류에 주택(마을)이 형성되어 인명피해가 저수지 붕괴시 인명피해가 우려,,4615055000,4615011000,Y,38,1,,,4615011000104040002070377,4,10,,,,,,,,순천시청,4615061000,70,180,180,,,999544.485277,1664151.57581,2025/11/01 13:26:32,,,,,,,00,,,2017/05/17 14:45:49,,,,,,127.4950098,34.972258
9999999999,4715000000,25575,001,002,장전지구,002,20250821,20251007,매몰 위험,,,4715045029,N,596,,,,,,,,,,,,,,증산,,,,,,,,,2025/11/01 15:09:47,,,,,,,00,,,2017/05/17 15:09:47,,,,,,,
9999999999,4715000000,25577,001,002,남산지구,002,20250609,20251003,매몰 위험,,,,N,162,,경상북도 김천시 남산동 162,경상북도 김천시 남산동 162,,,,,,,,,,,시청,,,,,,,,,2025/11/01 15:19:48,,,,,,,00,,,2017/05/17 15:19:48,,,,,,,
9999999999,4715000000,25578,001,018,후생9길,018,20251023,20251028,침수위험,,,,N,9,,후생9길,후생9길,,,,,,,,,,,시청,,,,,,,,,2025/11/01 15:17:14,,,,,,,00,,,2017/05/17 15:17:14,,,,,,,
9999999999,4715000000,25582,001,002,황금6지구,002,20250320,20250825,사면붕괴,,4715056500,4715010700,Y,6,2,,,4715010700101790003025789,,,,,,,,,,시청,,,,,,,,,2025/11/01 15:27:41,,,,,,,00,,,2017/05/17 15:27:41,,,,,,,
9999999999,4773000000,25704,001,018,대덕저수지,018,20250226,20250409,저수지 노후로 인한 댐마루 침하 및 누수,,,4773043036,N,172,1,,,,,,,,,,,,,안계면,4773043000,,,,,,,,2025/11/01 15:31:01,,,,,,,00,,,2017/05/17 15:31:01,,,,,,,
9999999999,4715000000,25584,001,002,두산지구,002,20250423,20251019,붕괴우려,,,4715043032,Y,91,,,,,,,,,,,,,,부항,,,,,,,,,2025/11/01 15:31:50,,,,,,,00,,,2017/05/17 15:31:50,,,,,,,
9999999999,4773000000,25706,001,018,탑들지구,018,20250111,20250428,침수피해,,,4773033040,N,224,,,,,,,,,침수피해,,,,,옥산면,4773033000,,,,,,,,2025/11/01 17:58:18,,,,,,,00,,,2018/04/30 17:58:18,,,,,,,
9999999999,4682000000,25375,001,001,관동1지구,001,20250112,20250429,집중호우 시 하류지역에 주택이 위치하고 있어 주택침수 피해우려,,,4682032026,Y,110,1,,,,,,,,,,,,,무,,,,,,,,,2025/11/01 13:24:32,,,,,,,00,,,2017/05/18 13:24:32,,,,,,,
9999999999,4682000000,25376,001,001,읍호지구,001,20250515,20250901,과거 토석류피해가 있었던 지역으로 계류가 불안정하여 예방대책 시급,,,4682033026,Y,13,,,,,,,,,,,,,,무,,,,,,,,,2025/11/01 09:02:01,,,,,,,00,,,2017/05/18 09:02:01,,,,,,,
N999999999,4886000000,43710391,,,외송지구,001,20250302,20250921,,,4886038030,4886038030,Y,71,6,신안면 외송리 1037,,,,,,,,,,,,,,,,,,,1040610.481073,1707162.886427,2025/11/01 10:06:57,N,,,,,001,01,-1,,2022/02/15 10:06:57,,,,,,127.9469994,35.3592728
9999999999,4514000000,43710145,001,002,용두산지구,002,20250428,20250831,붕괴로 인한 인명 및 재산 보호,,4514036025,4514036025,Y,5,2,전라북도 익산시 용안면 용두리 산 5-2,,,,,,,,,,,,용안면,4514036021,,,,,,952399.522261,1794559.894343,2025/11/01 14:00:17,,,,,,,00,,,,,,,,,126.9708738,36.1469293
9999999999,4311000000,26659,001,018,일신지구,006,20250805,20250920,"호안 노후, 통수능 부족",,4311425324,4311425324,N,306,3,,,,,,,,,,,,,청주시,4311154500,,,,,,,,2025/11/01 13:13:19,,,,,,,00,,,2018/04/16 13:13:19,,,,,,,
9999999999,2644000000,2,001,018,산사태 우려지역,001,20250115,20250719,해당 지역은 급경사의 언덕으로 호우 시 산사태로 인한 유실이 우려됨,0,2644055000,2644010500,N,1039,0,오봉산 일원,,,16,32,16,16,,16,32,가락초등학교,500,강서구청 우량계,2644051000,200,50,150,001,008,0,0,2025/11/01 10:58:00,N,,,,,,00,,,2017/04/19 10:58:00,,,,,,,
9999999999,2644000000,3,001,018,산사태 우려지역,001,20251005,20251008,산지와 인접하여 호우 시 산사태의 우려가 있음,0,2644056000,2644010900,N,1022,0,"송정동 1022번지 일원의 길이 300m, 높이 20~30m의 능선 부분",,,4,12,4,0,,4,12,송정초등학교,757,녹산수문 우량계,2644056000,200,50,150,001,008,0,0,2025/11/01 10:56:29,N,,,,,,00,,,2017/04/19 10:56:29,,,,,,,
264400002,2644000000,6,001,018,대항지구,014,20250409,20250920,해수면과 고저차이가 낮아 폭풍 및 지진해일에 취약,,2644057000,2644012200,N,265,0,대항마을 일원,,,184,286,150,16,,184,286,대항분교,400,녹산수문 우량계,2644056000,200,50,150,001,008,0,0,2025/11/01 11:05:45,N,,,,,,00,,,2017/04/19 11:05:45,,,,,,,
9999999999,4182000000,10,001,009,구운천,008,20250509,20250827,"(하천급류) 집중호우 시 하천범람으로 인한 침수, 급류휩쓸림 돌발성 인명피해",,4182032524,4182032524,N,577,2,일원(서울시교육원),,,0,20,0,0,,,,,,청평면,4182032500,300,30,200,001,007,988829.480864,1964822.646344,2025/11/01 09:44:11,N,,,,,,00,,,2018/03/19 17:57:18,,,,,,127.3733129,37.6828734
9999999999,4182000000,11,001,009,산장,008,20250716,20250728,"(하천급류) 집중호우 시 하천범람으로 인한 침수, 급류휩쓸림 돌발성 인명피해",,4182033025,4182033025,N,734,,산장관광지 일원,,,0,20,0,0,,,,,,상면,4182033000,300,30,200,001,001,992372.814901,1972831.264937,2025/11/01 09:46:45,N,,,,,,00,,,2018/03/20 09:07:22,,,,,,127.4134145,37.755094
9999999999,4182000000,12,001,009,배터,008,20250907,20251101,"(하천급류) 집중호우 시 하천범람으로 인한 침수, 급류휩쓸림 돌발성 인명피해",,,4182035021,N,838,3,,,,0,20,0,0,,,,,,북면,4182035000,300,30,200,001,007,1004002.065997,1987194.127868,2025/11/01 09:48:19,N,,,,,,00,,,2018/03/20 09:09:01,,,,,,127.5455118,37.884572
9999999999,4182000000,13,001,009,명지,008,20250115,20250304,"(하천급류) 집중호우 시 하천범람으로 인한 침수, 급류휩쓸림 돌발성 인명피해",,4182035024,4182035024,N,231,3,일원,명지산 입구,,0,20,0,0,,,,,,북면,4182035000,300,30,200,001,007,999118.797546,1992811.771993,2025/11/01 09:54:40,N,,,,,,00,,,2018/03/20 10:20:28,,,,,,127.489972,37.9352124
9999999999,4182000000,16,001,009,가평천,008,20251010,20251027,"(하천급류) 집중호우 시 하천범람으로 인한 침수, 급류휩쓸림 돌발성 인명피해",,,4182025021,N,381,1,가평천 일원,가평천 일원,,0,50,0,0,,,,,,가평읍,4182025000,300,30,200,001,007,1001600.365548,1980791.822164,2025/11/01 09:38:05,N,,,,,,00,,,2018/03/19 17:37:24,,,,,,127.5181853,37.8268747
PEP4128000,4128000000,1,001,018,화전,018,20250917,20251030,내재배수 불량으로 인한 침수,,4128166000,4128112900,N,414,0,"화전 9,10통 일원",,,469,662,0,6,,382,760,,,고양시청,4128000000,800,120,400,008,008,944465.737831,1957267.699184,2025/11/01 13:40:05,N,,,,,,00,,,2018/04/06 11:28:16,,,,,,126.8707662,37.6131678
9999999999,4677000000,26453,001,014,가야지구,013,20250207,20250818,너울성파도 및 선박피해 우려,,4677032000,4677032023,N,364,11,,,,2,5,,,,,,,,도덕면사무소,,,,,,,970062.885154,1625413.678278,2025/11/01 09:27:40,,,,,,,00,,,2017/05/16 13:10:38,,,,,,127.1734214,34.6224925
N999999999,3017000000,43710393,,,정림동 자연재해위험개선지구,006,20250914,20250929,,,3017010400,3017010400,N,481,0,정림동 코스모스아파트 등,,,,,,,,,,,,,,,,,,,987708.754324,1811361.375887,2025/11/01 13:40:03,N,자연재해위험개선지구,자연재해,풍수해,,001,01,-1,,2022/02/18 13:40:03,,,,,,127.3631045,36.2994954
9999999999,4777000000,23517,001,018,벌영지구,010,20250303,20251010,"태풍, 집중호우 시 침수위험지구",,4777036000,4777036035,N,2,7,,,,404,746,,,,,,,,영해면(1507),4777036000,200,30,,,,1170353.006157,1839750.650526,2025/11/01 08:31:47,,,,,,,00,,,,,,,,,129.4030955,36.5403228
9999999999,4777000000,23520,001,001,대진지구(2017-26),001,20250815,20250919,"태풍, 집중호우 시 산사태취약지구",,4777036032,4777036032,Y,20,1,,,,14,31,,,,,,,,영해면(1507),4777036000,200,30,,,,1172754.342218,1841724.287924,2025/11/01 08:27:32,,,,,,,00,,,,,,,,,129.4303506,36.5576742
9999999999,4777000000,23523,001,001,오포지구(2016-42),001,20250710,20250820,"태풍, 집중호우 시 산사태취약지구",,4777031032,4777031032,Y,67,2,,,,18,24,,,,,,,,강구면(1502),4777031000,200,30,,,,1168824.869682,1819303.647184,2025/11/01 08:25:46,,,,,,,00,,,,,,,,,129.3815763,36.3563587
9999999999,2814000000,4,001,018,배다리 지하상가,018,20250104,20250113,소규모상가가 있는 지하상가로 침수 시 인명피해가 우려됨,,2814064000,2814010600,N,10,1,배다리중앙시장 재해위험지구 내,,,24,26,24,0,,,,,,동구청사 옥상 우량계,2814058000,135,45,135,001,001,923640.700352,1941888.432952,2025/11/01 20:37:17,N,,,,,,00,,,2016/03/31 11:00:40,,,,,,126.6364287,37.4730671
2823720040,2823700000,2,001,018,십정동360번지일원 침수지역,018,20250612,20250612,침수 위험 지구,,2823753000,2823710200,N,360,,360번지 일원,,,,,,,,,,,,부평구청 옥상 우량계,2823710100,220,35,59,001,002,,,2025/11/01 09:29:57,N,,,,,,00,,,2009/04/15 09:29:57,,,,,,,
2818500000,2818500000,3,001,016,소2-12(논고개길),018,20250201,20250609,침수 예상 지역,0,2818578000,2818510500,N,720,0,소암마을 지구,,,36,108,0,1,,36,108,동춘초교,160,연수구청 옥상 우량계,2818578000,150,50,300,001,,0,0,2025/11/01 16:21:35,N,,,,,,00,,,2015/07/13 16:21:35,,,,,,,
2872000000,2872000000,3,001,017,덕적면 일원,014,20250314,20250616,해일발생시 주변 지대 위험,,2872035021,2872035021,N,204,6,,,,25,30,20,0,,25,30,군부대,30,덕적면사무소 옥상 우량계,2872035000,300,100,100,001,002,877342.47523,1917858.157124,2025/11/01 14:22:49,N,,,,,,00,,,2017/03/13 18:04:32,,,,,,126.1169217,37.2515385
9999999999,2920000000,17,001,003,임곡지구,008,20250728,20250923,여름철 돌발성 인명피해 우려지역,,2920065000,2920013500,N,642,23,,,,0,0,0,59,,,,,,임곡동 우량계,2920065000,120,30,0,001,008,930304.641132,1693928.233347,2025/11/01 19:31:14,N,,,,,,00,,,2016/09/12 14:16:19,,,,,,126.7340091,35.2383387
9999999999,4719000000,25631,001,002,황산지구,002,20250312,20250609, 도로 인접 급경사지로 집중호우 시 낙석발생 우려,,4719025327,4719025327,Y,69,,,,,,,,,,,,,,고아읍,,,,,,,1070667.015112,1801674.63376,2025/11/01 09:46:52,,,,,,,00,,,2018/05/23 10:24:09,,,,,,128.2861559,36.2096602
9999999999,4719000000,25635,001,002,도량3지구,002,20250704,20250727, 주택 인접 급경사지로 집중호우 시 토사유출 우려,,4719010300,4719010300,Y,37,4,,,,,,,,,,,,,송정동,,,,,,,1074565.072726,1794641.324414,2025/11/01 09:37:40,,,,,,,00,,,2018/05/23 10:26:08,,,,,,128.3288489,36.1459641
9999999999,4723000000,25662,001,002,치산1지구,002,20250713,20250811,급경사지로 붕괴위험지구,,4723032021,4723032021,Y,129,,,,,,,,,,,,,,신녕면(704),4723032000,,,,,,1109704.465639,1783411.618617,2025/11/01 09:35:43,,,,,,,00,,,2018/05/23 11:52:09,,,,,,128.7178209,36.0414025
9999999999,5011000000,26182,001,017,한동지구,018,20250201,20250318,지진 해일 발생으로 인한 대규모 인적·물적 피해 예상지역,,,5011025600,N,1669,3,,,,,,,,,,,,,성판악 휴게소,4910125900,,,,,,,,2025/11/01 13:15:10,,,,,,,00,,,2017/05/08 13:15:10,,,,,,,
9999999999,4711000000,2,001,001,용흥4지구,001,20250601,20250901,"산불발생지역, 입목소실, 산 연접지 토사유출(산사태 취약지역)",,4711366500,4711311700,Y,89,0,,,,0,0,0,0,,,,,,연일읍,4711125300,0,30,200,,,1167186.630603,1784438.35871,2025/11/01 21:43:39,N,,,,,,00,,,2017/05/16 10:16:52,,,,,,129.3558939,36.0424778
9999999999,4511100000,2,001,018,자구실지구,018,20250921,20251030,농로사면 붕괴 : 농로 차량 통과시 붕괴위험,0,4511170300,4511113900,N,391,3,일원,,,0,0,0,0,,,,,,덕진,4511357000,0,0,0,,,0,0,2025/11/01 16:19:18,N,,,,,,00,,,2015/03/27 16:19:18,,,,,,,
9999999999,4711000000,3,001,001,용흥5지구,001,20251013,20251019,"산불발생지역, 입목소실, 산 연접지 토사유출(산사태 취약지역)",,4711366500,4711311700,Y,97,1,,,,0,0,0,0,,,,,,흥해읍,4711325000,0,30,200,,,1167589.803153,1784267.166605,2025/11/01 21:44:42,N,,,,,,00,,,2017/05/16 10:16:09,,,,,,129.360331,36.0408658
9999999999,4711000000,4,001,001,용흥6지구,001,20250421,20251001,"산불발생지역, 입목소실, 지반붕괴 위험(산사태 취약지역)",,4711366500,4711311700,Y,110,10,,,,0,0,0,0,,,,,,흥해읍,4711325000,0,30,200,,,1167037.286753,1784026.839352,2025/11/01 21:46:07,N,,,,,,00,,,2017/05/16 10:16:40,,,,,,129.3541499,36.0387952
9999999999,4511300000,2,001,002,종광대지구,002,20250331,20251007,주택유실 우려,0,4511354000,4511310300,N,705,94,인근,,,0,0,0,0,,,,,,덕진,4511357000,0,0,0,,,0,0,2025/11/01 17:26:42,N,,,,,,00,,,2016/04/07 17:26:42,,,,,,,
9999999999,4511300000,3,001,002,명주길지구,002,20251023,20251030,주택유실(매몰)-방주교회 인근,0,4511355000,4511310400,N,4,16,인근,,,0,0,0,0,,,,,,덕진,4511357000,0,0,0,,,0,0,2025/11/01 17:31:49,N,,,,,,00,,,2016/04/07 17:31:49,,,,,,,
9999999999,3171000000,94,001,006,온양1지구,008,20250113,20250711,급류휩쓸림,,,3171025600,N,299,2,향운사 입구,향운사 입구,,0,0,0,0,,,,,,온양읍,3171025600,0,0,0,,,0,0,2025/11/01 16:12:19,N,,,,,,00,,,2017/04/17 16:12:19,,,,,,,
9999999999,4682000000,25427,001,001,팔산2지구,001,20250103,20250617,토사유실 및 농경지 피해 우려,,,4682037025,N,921,3,,,,,,,,,,,,,무,,,,,,,,,2025/11/01 16:31:26,,,,,,,00,,,2017/05/18 16:31:26,,,,,,,
N999999999,2653000000,43710063,,,괘감로,018,20251001,20251029,,,2653062000,2653010400,N,578,0,부산광역시 사상구 괘법동 578 ,,2653010400105780000010861,,,,,,,,,,,,,,,,,,,2025/11/01 17:18:23,N,,,도로침수,,001,01,0999,,2018/05/28 17:18:23,,,,,,,
9999999999,4783000000,25716,001,009,노리지구,009,20250814,20250916,"
 집중호우시 계곡급류",,,4783031033,N,630,10,노리(상비리계곡),노리(상비리계곡),,25,48,,,,,,,,덕곡면,,,,,,,,,2025/11/01 17:42:34,,,,,,,00,,,2018/05/25 17:42:34,,,,,,,
9999999999,4817000000,26531,001,001,청담,001,20250620,20251021,산사태 취약지역 토석류,,4817039000,4817039026,Y,8,0,,,,,1,,,,,,,,진주시,,,,,,,1072041.196234,1694694.820412,2025/11/01 14:07:08,,,,,,,00,,,,,,,,,128.291838,35.2450845
9999999999,4817000000,26532,001,018,삼계,018,20250911,20250912,댐방류,,4817031000,4817031023,N,521,0,,,,,,,,,,,,,진주,,,,,,,1048632.111789,1683316.283738,2025/11/01 20:14:36,,,,,,,00,,,,,,,,,128.0338787,35.1438969
9999999999,4817000000,26534,001,018,신율리,018,20250526,20251002,침수,,4817031022,4817031022,N,170,,,,,,,,,,,,,,진주시,,,,,,,1054128.008563,1684131.756598,2025/11/01 20:22:09,,,,,,,00,,,,,,,,,128.0942628,35.150969
9999999999,4817000000,26535,001,018,천전,018,20250212,20250713,산사태,,4817051500,4817010200,N,428,0,,,,,,,,,,,,,진주시,,,,,,,1054053.739294,1686174.737166,2025/11/01 20:29:21,,,,,,,00,,,,,,,,,128.0935813,35.169394
9999999999,3171000000,97,001,018,청량삼정지구,018,20250321,20250814,사면붕괴(유실),,3171033000,3171033026,N,755,0,쌍용하나빌리지 3단지 사면부,,,0,0,0,0,,,,,,청량면,3171033000,0,0,0,,,0,0,2025/11/01 13:42:59,N,,,,,,00,,,2017/05/18 13:42:59,,,,,,,
9999999999,4573000000,29,001,010,도소2지구,005,20250416,20250904,인명피해 우려 특별관리 대상 저수지로 재해취약지역으로 지정관리 하고자 함,,4573035000,4573035022,N,1363,0,,,,15,30,15,3,"도로유실매몰 600m,",,,,,무주,4573000000,0,0,0,,,1004199.772296,1775018.765419,2025/11/01 13:10:22,N,,,,,,00,,,2016/04/05 02:17:52,,,,,,127.5465815,35.9719092
9999999999,4480000000,24,001,010,신풍지구,005,20250324,20251025,저수지 수위상승에 따른 월류,,4480034022,4480034022,N,1,3,,,,0,6,0,0,,,,,,장곡면,4480034000,0,0,0,,,928815.532826,1832016.759655,2025/11/01 14:27:03,N,,,,,,00,,,2016/04/05 02:22:40,,,,,,126.7053134,36.483143
N999999999,2653000000,43710066,,,백양대로,018,20250713,20251029,,,2653060000,,N,784,,부산광역시 사상구 덕포동 784 ,,,,,,,,,,,,,,,,,,,,,2025/11/01 16:57:27,N,,,도로침수,,001,01,0002,,2018/05/28 16:57:27,,,,,,,
9999999999,4480000000,25,001,010,마온지구,005,20250313,20250917,저수지 수위상승에 따른 월류,,4480039032,4480039032,N,254,,,,,0,12,0,0,,,,,,구항면,4480039000,0,0,0,,,923457.439249,1841514.041906,2025/11/01 14:25:09,N,,,,,,00,,,2016/04/05 02:23:18,,,,,,126.6445606,36.5683396
9999999999,4420000000,15,001,002,밀두지구,002,20250307,20250522,급경사지,,4420038000,4420038025,N,219,1,주택 연접 급경사지,,,56,179,2,0,,,,,,인주면,4420038000,0,0,0,,,0,0,2025/11/01 16:35:46,N,,,,,,00,,,2016/09/21 16:35:46,,,,,,,
9999999999,4150000000,11,001,006,복하1교,007,20250113,20250220,하상도로 침수우려,,4150051500,4150010800,N,246,2,,,,0,0,0,0,하천급류(범람)에 따른 돌발성 인명피해 우려,,,,,중리,4150052000,0,30,0,,,997529.882453,1920280.960568,2025/11/01 11:12:16,N,,,,,,00,,,2018/04/18 13:57:12,,,,,,127.4721354,37.2814531
9999999999,4480000000,18,001,005,오관지구,006,20250507,20250809, 하천범람으로 인한 하상주차장 침수,0,4480025000,4480025021,N,457,1,,,,0,520,0,0,,,,,,홍성,4480025000,0,0,0,,,925163.171023,1844838.416408,2025/11/01 14:48:48,N,,,,,,00,,,2016/04/04 23:00:48,,,,,,126.6632986,36.5984411
9999999999,4480000000,19,001,003,신안지구,006,20250607,20251017," 하천 급류, 하천 범람",0,4480038000,4480038023,N,636,15,,,,0,2,0,0,,,,,,갈산면,4480038000,0,0,0,,,918895.150646,1846480.472336,2025/11/01 14:46:49,N,,,,,,00,,,2016/04/04 23:02:02,,,,,,126.5930544,36.6127298
9999999999,4480000000,20,001,003,가곡지구,006,20250711,20250906, 집중호우 시 토사석 유출로 경작지 및 하부마을 피해로 발전될 가능성이 있음.,0,4480038000,4480038024,Y,99,0,,,,0,20,0,0,,,,,,갈산면,4480038000,0,0,0,,,917961.939096,1849829.035153,2025/11/01 14:45:00,N,,,,,,00,,,2016/04/04 23:02:39,,,,,,126.5822622,36.6428334
S000002017,1135000000,47,,,동부간선도로,0001,20250117,20250312,,,1135000000,1135000000,,,,중랑교~월계1교 (L=4.3㎞),,,,,,,,,,,,,,,,,,,,,,N,,,,,00,02,000000,한강대교 수위기준 10.92m,,,서울특별시시설관리공단,도로관리처,시설4급,,,
S000002017,1120000000,48,,,동부간선도로,0001,20250730,20250804,,,1120079000,1120012200,,,,월계1교~성동교 (L = 11.0㎞),,,,,,,,,,,,,,,,,,,,,,N,,,,,00,02,000000,중랑천 수위 EL 17.23m,,,서울특별시시설관리공단,도로관리처,시설4급,,,
S000002017,1120000000,49,,,동부간선도로,0001,20250505,20250620,,,,1120011500,,,,성동교~용비교 (L = 1.7㎞),,,,,,,,,,,,,,,,,,,,,,N,,,,,00,02,000000,청담대교수위 9.1m,,,서울특별시시설관리공단,도로관리처,시설4급,,,
9999999999,4480000000,23,001,010,장곡지구,005,20250617,20251008,저수지 수위상승에 따른 월류,,4480035023,4480035023,N,649,,,,,0,15,0,0,,,,,,은하면,4480035000,0,0,0,,,919791.108901,1838320.535901,2025/11/01 14:22:51,N,,,,,,00,,,2016/04/05 02:22:01,,,,,,126.6039225,36.5392523
9999999999,4480000000,26,001,010,산성지구,005,20250304,20250505,저수지 수위상승에 따른 월류,,4480034033,4480034033,N,40,2,,,,0,3,0,0,,,,,,장곡면,4480034000,0,0,0,,,932658.935997,1834581.883496,2025/11/01 14:20:09,N,,,,,,00,,,2016/04/05 02:24:02,,,,,,126.7479933,36.5065442
9999999999,4511100000,8,001,003,마전~홍산교,008,20251024,20251101,,0,4511171200,4511114200,N,208,1,,,,0,0,0,0,,,,,,덕진,4511357000,0,0,0,,,0,0,2025/11/01 13:48:34,N,,,,,,00,,,2016/04/07 13:48:34,,,,,,,
9999999999,4623000000,17,001,010,송금지구,005,20250519,20250519,저수지 하류,,4623035000,4623035028,N,1032,0,,,,30,60,30,1,,,,,,다압면,4623036000,0,0,0,,,1023385.028503,1670937.964052,2025/11/01 17:12:03,N,,,,,,00,,,2016/04/07 11:49:47,,,,,,127.7563729,35.0331831
9999999999,4511100000,4,001,003,안적~승암교,008,20250913,20251022,,0,4511165000,4511114400,N,436,14,,,,0,0,0,0,,,,,,덕진,4511357000,0,0,0,,,0,0,2025/11/01 13:40:30,N,,,,,,00,,,2016/04/07 13:40:30,,,,,,,
9999999999,4511100000,5,001,003,승암교~한벽교,008,20250319,20250819,,0,4511153000,4511111800,N,1035,0,,,,0,0,0,0,,,,,,덕진,4511357000,0,0,0,,,0,0,2025/11/01 13:42:32,N,,,,,,00,,,2016/04/07 13:42:32,,,,,,,
9999999999,4511100000,6,001,003,싸전다리~매곡교,008,20250420,20250718,,0,4511163500,4511112200,N,597,2,,,,0,0,0,0,,,,,,덕진,4511357000,0,0,0,,,0,0,2025/11/01 13:44:42,N,,,,,,00,,,2016/04/07 13:44:42,,,,,,,
9999999999,4511100000,7,001,003,우림~이동교,008,20250810,20250821,,0,4511171100,4511114000,N,709,0,,,,0,0,0,0,,,,,,덕진,4511357000,0,0,0,,,0,0,2025/11/01 13:46:36,N,,,,,,00,,,2016/04/07 13:46:36,,,,,,,
9999999999,5183000000,68,001,018,면옥치리지구,018,20250620,20250816,주택매몰,,5183033000,5183033033,N,533,0,사랑의집,,,3,20,0,0,,,,,,현남면,5183034000,0,0,0,,,0,0,2025/11/01 15:25:14,N,,,,,,00,,,2018/03/15 15:25:14,,,,,,,
9999999999,5183000000,21318,001,018,죽정지구,007,20250505,20251016,하천범람에 따른 인명피해,,5183034021,5183034021,N,379,2,,,,113,198,,,,,,,,현남면사무소,,,,,,,1109943.546916,1997129.575574,2025/11/01 17:47:42,,,,,,,00,,,,,,,,,128.7516654,37.9674697
9999999999,3611000000,11,001,001,금암지구,001,20250514,20250607,계류 하부 원룸 등 위치,,3611035000,3611035025,Y,41,2,,,4415035033101990000016859,,60,,,,,,,,장군면,3611035000,,,,,,,,2025/11/01 11:27:30,,,,,,,00,,,2017/04/30 11:27:30,,,,,,,
9999999999,3611000000,12,001,001,기룡지구,001,20250223,20250606,"산사태취약지역 계류 하부에 은혜기독병원, 사회복지법인 늘푸른집 등 위치",,3611036028,3611036028,Y,161,3,은혜기도원 부근,세종특별자치시 연서면 기룡리 산161-1,,,110,7,1,,,,,,연서면,3611037000,,,,,,976602.111869,1841458.594809,2025/11/01 13:15:50,,,,,,,00,,,2018/05/24 16:44:32,,,,,,127.238495,36.570622
9999999999,3171000000,24393,001,001,조일지구,001,20250831,20251027,산사태 취약지역,,3171040000,3171040022,N,444,0,조일리 산274 인근,,,1,2,,,,,,,,삼동면사무소 옥상 강우량계,3171040026,,,,,,1146448.110215,1722590.907312,2025/11/01 10:59:04,,,,,,,00,,,2018/05/25 10:08:47,,,,,,129.1144636,35.4884087
9999999999,3171000000,24396,001,001,덕현지구,001,20250831,20250911,산사태 취약지역,,3171038026,3171038026,Y,21,6,,,,2,5,,,,,,,,울산시청,3114051000,,,,,,1141234.631496,1739123.492189,2025/11/01 08:33:54,,,,,,,00,,,2018/05/25 10:16:55,,,,,,129.0598945,35.6381763
9999999999,4479000000,25208,001,018,자연재해위험개선지구,008,20250911,20250917,침수위험,,,4479032000,N,0,,시전리~농소리,시전리~농소리,,,,,,,,,,,대치면사무소,,,,,,,,,2025/11/01 10:08:33,,,,,,,00,,,2017/05/04 10:08:33,,,,,,,
9999999999,4479000000,25212,001,010,소죽골지구,005,20250319,20250407,저수지 붕괴,,,4479031000,N,369,,,,,,,,,,,,,,운곡면사무소,,,,,,,,,2025/11/01 10:44:06,,,,,,,00,,,2017/05/04 10:44:06,,,,,,,
