시설번호,시설일련번호,수용시설명,시군구명,법정동코드,상세주소,시설면적,경도,위도,X좌표,Y좌표
177,370,증산동주민센터,은평구,1138011000,서울특별시 은평구 증산동 187-19,83,126.907027,37.584342,191788.081359,553869.071711
178,395,증산초등학교 체육관,은평구,1138011000,서울특별시 은평구 증산동 212-0,594,126.904182,37.582672,191536.593683,553684.079736
179,21,수색초등학교,은평구,1138010100,서울특별시 은평구 수색동 129,926,126.895562,37.585035,190775.491723,553947.160812
180,371,수색동 주민센터,은평구,1138010100,서울특별시 은평구 수색동 363-11,168,126.89377,37.583336,190617.023668,553758.710798
181,372,진관동 주민센터,은평구,1138011400,서울특별시 은평구 진관동 78,174,126.920894,37.635031,193017.636366,559493.961202
182,362,구산동주민센터,은평구,1138010500,서울특별시 은평구 구산동 27-5,160,126.91036,37.611767,192085.335674,556912.690028
183,368,역촌동 주민센터,은평구,1138010800,서울특별시 은평구 역촌동 62-26,425,126.915104,37.604424,192503.471959,556097.326523
184,318,덕산중학교 체육관,은평구,1138010900,서울특별시 은평구 신사동 265-4,600,126.904315,37.602008,191550.489703,555830.148674
185,369,신사1동주민센터,은평구,1138010900,서울특별시 은평구 신사동 29-2,207,126.91183,37.597834,192213.669724,555366.186712
186,353,신사2동주민센터,은평구,1138010900,서울특별시 은평구 신사동 163-17,146,126.908387,37.59026,191908.82146,554525.868194
187,403,서울서신초등학교,은평구,1138010900,서울특별시 은평구 신사동 194-0,551,126.907569,37.592412,191836.818669,554764.759108
188,320,증산중학교 다목적강당,은평구,1138011000,서울특별시 은평구 증산동 산24-4,2001,126.904132,37.583636,191532.282034,553791.051771
189,198,염리생활체육관,마포구,1144010900,서울특별시 마포구 염리동 174-3,138,126.947591,37.541815,195368.296221,549146.357974
190,199,염리생활체육관,마포구,1144010900,서울특별시 마포구 염리동 174-3,930,126.945391,37.541815,195173.868755,549146.468616
191,43,용강초등학교,마포구,1144010800,서울특별시 마포구 대흥동 35-1,968,126.944122,37.549086,195062.213174,549953.484283
192,210,마포아트센터,마포구,1144010800,서울특별시 마포구 대흥동 30-3,70,126.945977,37.550109,195226.184339,550067.000221
193,207,마포아트센터,마포구,1144010800,서울특별시 마포구 대흥동 30-3,198,126.94555,37.549903,195188.396272,550044.184015
194,394,서문교회,은평구,1138010700,서울특별시 은평구 응암동 577-57,198,126.916739,37.591613,192646.593272,554675.267201
197,209,마포아트센터,마포구,1144010800,서울특별시 마포구 대흥동 30-3,264,126.945963,37.550067,195224.933887,550062.26952
198,208,마포아트센터,마포구,1144010800,서울특별시 마포구 대흥동 30-3,1038,126.945184,37.549961,195156.134723,550050.613431
199,396,은평다목적체육관,은평구,1138011400,서울특별시 은평구 진관동 362-0,2125,126.924875,37.631253,193368.687496,559074.290549
200,400,보훈회관,은평구,1138011400,서울특별시 은평구 진관동 78-0,52,126.920754,37.634968,193005.259943,559486.932679
201,212,용강동주민센터,마포구,1144010500,서울특별시 마포구 용강동 505-0,245,126.942782,37.54226,194943.325506,549195.995315
202,79,염리초등학교,마포구,1144010900,서울특별시 마포구 염리동 173-4,130,126.945885,37.542428,195217.570109,549214.436746
208,206,마포아트센터,마포구,1144010800,서울특별시 마포구 대흥동 30-3,200,126.945544,37.549868,195187.930078,550040.265297
11,447,원묵초등학교,중랑구,1126010400,서울특별시 중랑구 묵동 11,988,127.086109,37.617656,207602.287149,557566.032643
12,462,원묵고등학교,중랑구,1126010400,서울특별시 중랑구 묵동 23,714,127.086037,37.615419,207596.163377,557317.748272
17,350,양천구민체육센터,양천구,1147010100,서울특별시 양천구 신정동 322-10,1995,126.864385,37.516544,188010.845343,546348.990633
18,324,신정초등학교,강서구,1150010300,서울특별시 강서구 화곡동 869-42,746,126.852548,37.532725,186967.149042,548146.39199
24,461,장안중학교,중랑구,1126010300,서울특별시 중랑구 중화동 288-26,1141,127.080726,37.60053,207128.615921,555664.811674
25,13,수산교회,중랑구,1126010300,서울특별시 중랑구 중화동 316-30,270,127.075814,37.597577,206695.109672,555336.689828
26,368,구현고등학교,구로구,1153010200,서울특별시 구로구 구로동 620-30,799,126.874535,37.502237,188906.015265,544759.787326
27,369,화원종합사회복지관,구로구,1153010200,서울특별시 구로구 구로동 476-134,220,126.880139,37.497347,189400.837019,544216.462321
28,428,송화초등학교,강서구,1150010900,서울특별시 강서구 방화동 217-35,748,126.817541,37.5685,183880.724876,552122.432831
29,427,송정중학교,강서구,1150010800,서울특별시 강서구 공항동 770-1,869,126.815248,37.553596,183674.898825,550468.658457
34,357,서울과학고등학교,종로구,1111017000,서울특별시 종로구 명륜1가 1-0,1166,126.998367,37.591834,199855.778278,554696.592018
35,368,이화동주민센터,종로구,1111016500,서울특별시 종로구 이화동 27-4,279,127.004333,37.576936,200382.753993,553043.068828
36,367,혜화동자치회관,종로구,1111016900,서울특별시 종로구 혜화동 74-30,259,127.00056,37.586987,200049.438667,554158.635237
37,320,독립문초등학교,종로구,1111018700,서울특별시 종로구 무악동 46-82,608,126.959981,37.574285,196464.824794,552749.569112
42,23,창신초등학교,종로구,1111017400,서울특별시 종로구 창신동 128-32,660,127.014352,37.576019,201267.806661,552941.399267
44,334,무악동주민센터,종로구,1111018700,서울특별시 종로구 무악동 60-2,364,126.958198,37.576,196307.424433,552940.007308
45,347,교남동주민센터,종로구,1111018100,서울특별시 종로구 행촌동 180-10,313,126.961947,37.571912,196638.338997,552486.2047
46,17,재동초등학교,종로구,1111014600,서울특별시 종로구 가회동 210,202,126.985568,37.57983,198725.201173,553364.383094
166,392,은평중학교,은평구,1138010500,서울특별시 은평구 구산동 182-44,540,126.9086,37.610674,191929.868732,556791.58415
167,393,대은초등학교,은평구,1138010600,서울특별시 은평구 대조동 82-5,1000,126.925892,37.612095,193456.792094,556947.970578
168,375,은명초등학교,은평구,1138010700,서울특별시 은평구 응암동 114-12,727,126.918631,37.597628,192814.302559,555342.794124
169,364,응암2동주민센터,은평구,1138010700,서울특별시 은평구 응암동 229-13,198,126.923077,37.594588,193206.647181,555005.017097
170,376,연은초등학교 본관동,은평구,1138010700,서울특별시 은평구 응암동 242-424,477,126.925198,37.590445,193393.552121,554545.011461
171,15,응암초등학교 본관동,은평구,1138010700,서울특별시 은평구 응암동 산7-40,621,126.921763,37.588406,193090.007484,554319.013587
535,240,나인브릭,마포구,1144012000,서울특별시 마포구 서교동 354-10,3784,126.920575,37.553819,192981.87708,550480.363428
536,245,호텔써클,마포구,1144012200,서울특별시 마포구 합정동 382-17,2017,126.910746,37.548873,192112.805507,549932.204724
537,244,호텔 서강스테이,마포구,1144011000,서울특별시 마포구 노고산동 106-41,688,126.935806,37.553473,194327.697094,550440.865764
550,215,서교동주민센터,마포구,1144012000,서울특별시 마포구 서교동 478-5,537,126.914598,37.555587,192453.891128,550677.021245
551,222,합정동주민센터,마포구,1144012200,서울특별시 마포구 합정동 473-0,176,129.912131,37.551596,457357.935805,554218.730526
552,237,성산중학교,마포구,1144012200,서울특별시 마포구 합정동 365-1,928,126.915644,37.546741,192545.391312,549695.180982
553,90,성산초등학교,마포구,1144012200,서울특별시 마포구 합정동 427-2,803,126.911083,37.553334,192143.045791,550427.279705
554,195,마포구민체육센터,마포구,1144012300,서울특별시 마포구 망원동 450-3,1490,126.896636,37.556386,190866.868407,550767.29436
555,196,마포구민체육센터,마포구,1144012300,서울특별시 마포구 망원동 450-3,405,126.896636,37.556386,190866.868407,550767.29436
556,217,망원2동주민센터,마포구,1144012300,서울특별시 마포구 망원동 436-14,651,126.902352,37.560241,191372.372627,551194.613756
557,243,라뉘호텔,마포구,1144011000,서울특별시 마포구 노고산동 106-28,4960,126.936153,37.55355,194358.316958,550449.44316
236,172,상암초등학교,마포구,1144012700,서울특별시 마포구 상암동 1635-0,660,126.892057,37.576362,190464.798128,552984.807803
237,190,상암고등학교,마포구,1144012700,서울특별시 마포구 상암동 1659-0,801,126.883743,37.581568,189731.114186,553563.534993
238,188,상지초등학교,마포구,1144012700,서울특별시 마포구 상암동 1676-0,779,126.882045,37.579805,189580.859933,553368.087899
239,233,상암경로문화센터,마포구,1144012700,서울특별시 마포구 상암동 41-21,317,126.893272,37.577043,190572.260026,553060.263887
240,194,마포대진유치원,마포구,1144012400,서울특별시 마포구 연남동 493-6,1024,126.91939,37.561882,192877.875498,551375.30571
243,201,성미산체육관,마포구,1144012500,서울특별시 마포구 성산동 44-0,40,126.912123,37.562216,192235.888297,551412.963461
244,200,성미산체육관,마포구,1144012500,서울특별시 마포구 성산동 44-0,1500,126.912123,37.562216,192235.888297,551412.963461
245,224,마포장애인종합복지관,마포구,1144012500,서울특별시 마포구 성산동 275-3,157,126.90843,37.563804,191909.818286,551589.514277
246,205,마포구청,마포구,1144012500,서울특별시 마포구 성산동 370-0,203,126.901769,37.566131,191321.545283,551848.388339
247,219,성산2동주민센터,마포구,1144012500,서울특별시 마포구 성산동 603-0,140,126.908946,37.568593,191955.87957,552121.00308
248,151,한국우진학교,마포구,1144012600,서울특별시 마포구 중동 64-2,553,126.90331,37.571583,191458.297205,552453.400181
249,232,가좌행복경로당,마포구,1144012600,서울특별시 마포구 중동 271-0,139,126.912523,37.569515,192271.991113,552223.010862
269,226,마포문화원,마포구,1144010300,서울특별시 마포구 신공덕동 158-0,116,126.955404,37.54221,196058.834117,549189.874172
270,3,아현초등학교,마포구,1144010100,서울특별시 마포구 아현동 267-2,1782,126.957095,37.556588,196208.93492,550785.584235
271,236,아현문화건강센터,마포구,1144010100,서울특별시 마포구 아현동 770-0,179,126.952034,37.55175,195761.498875,550248.854538
272,229,아현동주민센터,마포구,1144010200,서울특별시 마포구 공덕동 458-0,109,126.952196,37.54711,195775.541441,549733.865253
273,239,에이치에비뉴 이대점,마포구,1144011000,서울특별시 마포구 노고산동 1-74,2772,126.942516,37.556287,194920.772138,550752.794757
274,220,연남동주민센터,마포구,1144012400,서울특별시 마포구 연남동 250-9,349,126.92321,37.564116,193215.619762,551622.983025
275,148,성서중학교,마포구,1144012500,서울특별시 마포구 성산동 587-4,1955,126.908463,37.563098,191912.645195,551511.195906
283,223,마포구육아종합지원센터,마포구,1144012700,서울특별시 마포구 상암동 1686-0,127,126.883634,37.580547,189721.376888,553450.255238
284,227,상암동주민센터,마포구,1144012700,서울특별시 마포구 상암동 1616-0,183,126.894745,37.578298,190702.49674,553199.486571
285,213,도화동주민센터,마포구,1144010400,서울특별시 마포구 도화동 557-0,398,126.949919,37.541471,195574.015495,549108.066033
286,228,서강동주민센터,마포구,1144011400,서울특별시 마포구 창전동 246-0,77,126.932096,37.547726,193999.387285,549803.280206
287,234,서강동자치회관,마포구,1144011500,서울특별시 마포구 상수동 397-0,152,126.926972,37.545061,193546.385848,549507.866682
288,30,소의초등학교,마포구,1144010100,서울특별시 마포구 아현동 386-1,401,126.960844,37.552191,196540.067813,550297.348487
300,359,동대문구청,동대문구,1123010200,서울특별시 동대문구 용두동 39-9,730,127.03992,37.574285,203526.461538,552749.634218
371,338,창신3동주민센터,종로구,1111017400,서울특별시 종로구 창신동 23-816,118,127.01473,37.578026,201301.179419,553164.189412
372,26,숭인1동주민센터,종로구,1111017500,서울특별시 종로구 숭인동 55-2,770,127.015633,37.577836,201380.912614,553143.10227
373,343,숭인상록경로당,종로구,1111017500,서울특별시 종로구 숭인동 55-2,244,127.015593,37.577808,201377.414243,553139.957385
374,340,숭인2동주민센터,종로구,1111017500,서울특별시 종로구 숭인동 178-167,256,127.019986,37.574886,201765.514215,552815.79356
375,370,아름꿈도서관,종로구,1111017500,서울특별시 종로구 숭인동 242-7,639,127.017131,37.572687,201513.304297,552571.59805
402,17,덕수초등학교,중구,1114016700,서울특별시 중구 정동 1-76,897,126.974851,37.568986,197778.277503,552161.040484
403,50,훈련원공원 종합체육관,중구,1114015100,서울특별시 중구 을지로5가 1-42,747,127.003879,37.567387,200342.67703,551983.303249
404,56,성동글로벌경영고등학교,중구,1114016200,서울특별시 중구 신당동 250-3,554,127.012995,37.565826,201148.101261,551810.042922
421,321,효제초등학교,종로구,1111016200,서울특별시 종로구 효제동 255-4,486,127.002931,37.572674,200258.936834,552570.065689
422,361,종로56가동주민센터,종로구,1111016200,서울특별시 종로구 효제동 173-2,160,127.005068,37.572051,200447.680045,552500.892433
423,57,회현체육센터,중구,1114012100,서울특별시 중구 회현동1가 148-8,701,126.981631,37.556094,198376.903239,550730.071686
424,52,충무교회,중구,1114012300,서울특별시 중구 회현동3가 4-1,598,126.984422,37.560012,198623.572737,551164.881986
425,3,남산초등학교,중구,1114012900,서울특별시 중구 남산동2가 2,245,126.986414,37.55986,198799.583306,551147.893466
426,4,덕수중학교,중구,1114013400,서울특별시 중구 인현동2가 3-0,756,126.997407,37.56546,199770.88221,551769.353874
427,53,성동고등학교,중구,1114016200,서울특별시 중구 신당동 161-0,877,127.022898,37.564162,202023.023218,551625.607654
428,31,중림종합사회복지관,중구,1114017100,서울특별시 중구 중림동 155-1,198,126.966154,37.559472,197009.526756,551105.317245
440,413,무학초등학교,성동구,1120010200,서울특별시 성동구 하왕십리동 950-1,855,127.02953,37.56294,202609.035705,551490.103514
441,478,왕십리제2동주민센터,성동구,1120010200,서울특별시 성동구 하왕십리동 973-9,70,127.031055,37.561855,202743.793384,551369.664788
442,477,왕십리도선동주민센터,성동구,1120010100,서울특별시 성동구 상왕십리동 813-0,313,127.025578,37.567873,202259.69899,552037.552901
443,412,숭신초등학교,성동구,1120010200,서울특별시 성동구 하왕십리동 1068-0,1923,127.027769,37.567772,202453.265204,552026.346967
444,468,리젠트,성동구,1120010400,서울특별시 성동구 도선동 144-0,89,127.034474,37.562817,203045.808267,551476.619552
445,470,라테라,성동구,1120010400,서울특별시 성동구 도선동 98-0,50,127.035094,37.56347,203100.577577,551549.111818
446,54,광희초등학교,중구,1114016200,서울특별시 중구 신당동 254-18,231,127.015117,37.567396,201335.52509,551984.360314
447,301,교동초등학교,종로구,1111013400,서울특별시 종로구 경운동 2,343,126.987747,37.574764,198917.569768,552802.048097
458,480,사근동주민센터,성동구,1120010600,서울특별시 성동구 사근동 223-22,97,127.045367,37.561451,204008.339249,551325.342988
459,416,행당초등학교,성동구,1120010700,서울특별시 성동구 행당동 320-60,554,127.034695,37.556392,203065.612163,550763.504474
460,442,성동구청,성동구,1120010700,서울특별시 성동구 행당동 7-0,529,127.036734,37.563345,203245.474373,551535.273678
461,481,행당제1동주민센터,성동구,1120010700,서울특별시 성동구 행당동 139-0,127,127.036119,37.558574,203191.351034,551005.699105
462,71,성동공업고등학교,중구,1114016300,서울특별시 중구 흥인동 1-1,738,127.016865,37.56878,201489.943842,552137.984443
463,9,장충초등학교,중구,1114016200,서울특별시 중구 신당동 386-86,567,127.011105,37.559466,200981.153493,551104.195264
464,76,루미아호텔,중구,1114012100,서울특별시 중구 회현동1가 99-18,297,126.979787,37.558051,198214.072011,550947.223391
465,78,베이튼호텔,중구,1114015400,서울특별시 중구 오장동 186-0,1488,127.002758,37.565212,200243.646575,551741.819208
471,476,파라다이스,성동구,1120010400,서울특별시 성동구 도선동 156-0,84,127.034537,37.563039,203051.345043,551501.21214
472,414,동마중학교,성동구,1120010500,서울특별시 성동구 마장동 405-45,659,127.039712,37.562685,203508.613701,551462.128452
473,415,사근초등학교,성동구,1120010600,서울특별시 성동구 사근동 291-5,630,127.047668,37.562691,204211.537722,551463.121145
760,366,구로3동주민센터,구로구,1153010200,서울특별시 구로구 구로동 287-3,173,126.890325,37.487346,190300.290981,543105.392447
761,379,개봉2동주민센터,구로구,1153010700,서울특별시 구로구 개봉동 261-6,187,126.856456,37.490839,187305.464209,543497.025955
806,358,매동초등학교,종로구,1111011300,서울특별시 종로구 필운동 32-0,330,126.966316,37.577262,197024.589567,553079.7856
807,331,종로문화체육센터,종로구,1111011500,서울특별시 종로구 사직동 284-1,734,126.964625,37.574132,196875.014885,552732.478803
808,335,삼청동주민센터,종로구,1111014000,서울특별시 종로구 삼청동 105-1,155,126.981776,37.584975,198390.374083,553935.44209
809,304,세검정초등학교,종로구,1111018600,서울특별시 종로구 신영동 219-4,470,126.96096,37.603174,196552.60747,555955.901282
810,333,평창동주민센터,종로구,1111018300,서울특별시 종로구 평창동 186-9,108,126.968398,37.606371,197209.568214,556310.471658
589,247,스탠포드호텔,마포구,1144012700,서울특별시 마포구 상암동 1587-0,26300,126.886666,37.582364,189989.431723,553651.510933
590,175,창천중학교,마포구,1144011000,서울특별시 마포구 노고산동 33-1,849,126.93932,37.554855,194638.271429,550594.080583
591,225,우리마포복지관,마포구,1144011000,서울특별시 마포구 노고산동 1-49,260,126.942623,37.555991,194930.221543,550719.969788
592,235,대흥동 자치회관,마포구,1144011000,서울특별시 마포구 노고산동 1-49,125,126.942636,37.555991,194931.37905,550719.966861
593,211,한서초등학교,마포구,1144010900,서울특별시 마포구 염리동 21-19,576,126.949273,37.553472,195517.642922,550440.062935
594,214,염리동주민센터,마포구,1144010900,서울특별시 마포구 염리동 147-14,115,126.945642,37.547015,195196.384822,549723.592774
595,99,신석초등학교,마포구,1144011100,서울특별시 마포구 신수동 445-11,693,126.933646,37.546075,194136.190367,549619.929137
596,230,신수동주민센터,마포구,1144011100,서울특별시 마포구 신수동 458-0,373,126.935205,37.547075,194274.09217,549730.794306
597,55,서교초등학교,마포구,1144012000,서울특별시 마포구 서교동 341,1238,126.924979,37.554863,193371.128884,550595.91641
897,374,메이플레이스 호텔,종로구,1111015900,서울특별시 종로구 원남동 25-0,9900,126.998749,37.576103,199889.523053,552950.675038
898,375,오라카이 대학로 호텔,종로구,1111015900,서울특별시 종로구 원남동 49-15,9900,126.998717,37.575604,199886.653156,552895.271854
899,376,종로종합사회복지관,종로구,1111017400,서울특별시 종로구 창신동 23-344,325,127.012486,37.577296,201102.919799,553083.108012
924,342,서울석촌초등학교,송파구,1171010500,서울특별시 송파구 석촌동 267,3692,127.104776,37.502551,209264.549596,544792.416201
925,344,서울신가초등학교,송파구,1171010700,서울특별시 송파구 가락동 43-1,1497,127.121311,37.500721,210726.834692,544591.0492
926,491,서울가락초등학교,송파구,1171010700,서울특별시 송파구 가락동 477-0,4720,127.107652,37.500183,209519.122332,544529.861264
927,484,송파중학교,송파구,1171010700,서울특별시 송파구 가락동 139-0,4011,127.129326,37.496277,211436.304935,544098.767485
933,334,강동경희대학병원,강동구,1174010300,서울특별시 강동구 상일동 149,7954,127.15747,37.552917,213914.492429,550388.962627
934,304,고명초등학교,강동구,1174010100,서울특별시 강동구 명일동 296-1,817,127.146865,37.55265,212977.460704,550357.728699
935,370,서울개롱초등학교,송파구,1171011200,서울특별시 송파구 오금동 159,1256,127.139664,37.497183,212350.328142,544200.600258
936,482,세륜중학교,송파구,1171011200,서울특별시 송파구 오금동 7-3,2194,127.131848,37.508372,211657.391472,545441.456501
937,340,서울송파초등학교,송파구,1171010400,서울특별시 송파구 송파동 114,3070,127.110752,37.507053,209792.359273,545292.667775
938,371,송파여성문화회관,송파구,1171010400,서울특별시 송파구 송파동 113-2,13405,127.109782,37.505901,209706.735809,545164.717771
939,366,서울중대초등학교,송파구,1171010400,서울특별시 송파구 송파동 191,3611,127.11371,37.500104,210054.822944,544521.726572
945,362,청운중학교,종로구,1111010100,서울특별시 종로구 청운동 89-143,717,126.970971,37.58908,197436.171432,554391.346146
946,363,경복고등학교,종로구,1111010100,서울특별시 종로구 청운동 89-9,1052,126.972439,37.58732,197565.717065,554195.914824
947,359,경기상업고등학교,종로구,1111010100,서울특별시 종로구 청운동 89-3,1157,126.970898,37.587992,197429.680462,554270.615735
948,364,청운초등학교,종로구,1111010100,서울특별시 종로구 청운동 123-0,902,126.969419,37.585966,197298.984038,554045.740894
949,372,서머셋펠리스 서울,종로구,1111012400,서울특별시 종로구 수송동 85-0,19800,126.981162,37.57517,198335.871241,552847.24672
950,487,서울잠일초등학교,송파구,1171010100,서울특별시 송파구 잠실동 19-1,4932,127.081637,37.51465,207217.365712,546133.174423
951,379,서울송전초등학교,송파구,1171010100,서울특별시 송파구 잠실동 44-2,735,127.094811,37.508447,208382.737426,545445.844521
952,374,영동일고등학교,송파구,1171010100,서울특별시 송파구 잠실동 35-1,3180,127.089516,37.509671,207914.459488,545581.300988
953,329,서울잠실초등학교,송파구,1171010200,서울특별시 송파구 신천동 20-2,733,127.111446,37.520124,209851.988327,546743.449163
954,301,강일초등학교,강동구,1174011000,서울특별시 강동구 강일동 685,13645,127.16842,37.546242,214883.433678,549649.718839
955,332,강일동주민센터,강동구,1174011000,서울특별시 강동구 강일동 678-0,645,127.178207,37.568905,215743.523403,552166.664475
956,363,강동중학교,강동구,1174011000,서울특별시 강동구 강일동 669-0,8896,127.177744,37.569966,215702.427305,552284.352504
957,368,강일고등학교,강동구,1174011000,서울특별시 강동구 강일동 685-1,11112,127.177464,37.564236,215678.881746,551648.283152
958,367,신암중학교,강동구,1174010700,서울특별시 강동구 암사동 444,1006,127.133081,37.555645,211758.976731,550688.358974
959,347,서울문정초등학교,송파구,1171010800,서울특별시 송파구 문정동 12,525,127.12872,37.488915,211383.83994,543281.581322
960,348,서울가원초등학교,송파구,1171010800,서울특별시 송파구 문정동 150-10,2610,127.114122,37.488513,210092.867732,543235.380495
961,416,서울문덕초등학교,송파구,1171010800,서울특별시 송파구 문정동 90-3,621,127.127596,37.484993,211284.976173,542846.240916
962,372,문현중학교,송파구,1171010900,서울특별시 송파구 장지동 838-3,946,127.127675,37.480571,211292.648137,542355.474621
963,485,서울문현초등학교,송파구,1171010900,서울특별시 송파구 장지동 836-0,3508,127.130087,37.482711,211505.657651,542593.208383
964,486,서울송례초등학교,송파구,1171010900,서울특별시 송파구 장지동 898-0,4443,127.138444,37.477873,212245.586755,542057.335132
965,368,서울잠신초등학교,송파구,1171010100,서울특별시 송파구 잠실동 22-4,4160,127.08842,37.514341,207817.119241,546099.514545
968,436,명원초등학교,강동구,1174010100,서울특별시 강동구 명일동 39-0,650,127.150382,37.551343,213288.525128,550213.170868
969,342,온조대왕문화체육관,강동구,1174010200,서울특별시 강동구 고덕동 296-0,7954,127.158885,37.558132,214038.544375,550967.954241
1741,491,논현초등학교,강남구,1168010800,서울특별시 강남구 논현동 168-0,1258,127.026118,37.508418,202309.234723,545438.6945
970,341,서울컨벤션고등학교,강동구,1174010200,서울특별시 강동구 고덕동 295-1,14629,127.15821,37.560001,213978.607266,551175.307434
971,343,고덕중학교,강동구,1174010200,서울특별시 강동구 고덕동 223,2048,127.161297,37.559984,214251.375778,551173.833194
972,311,명일초등학교,강동구,1174010700,서울특별시 강동구 암사동 418-18,1171,127.142029,37.553844,212549.996935,550489.61198
973,333,암사3동 주민센터,강동구,1174010700,서울특별시 강동구 암사동 414-19,161,127.14082,37.554972,212442.909974,550614.628028
1020,399,광현교회,은평구,1138010400,서울특별시 은평구 갈현동 501-5,1079,126.916084,37.618407,192591.42531,557649.163615
1060,315,강동초등학교,강동구,1174010900,서울특별시 강동구 천호동 306,2009,127.12997,37.54592,211485.579679,549608.638695
1061,328,해공도서관,강동구,1174010900,서울특별시 강동구 천호동 360,1932,127.126409,37.544355,211171.168093,549434.441405
1062,318,성내동교회,강동구,1174010800,서울특별시 강동구 성내동 135-30,548,127.125305,37.534112,211075.14111,548297.462341
1063,339,강동성심병원,강동구,1174010500,서울특별시 강동구 길동 445,15504,127.135233,37.536141,211952.295539,548523.889763
1064,361,신명초등학교,강동구,1174010500,서울특별시 강동구 길동 42,1006,127.149629,37.541477,213223.700661,549118.098012
1065,433,천동초등학교,강동구,1174010500,서울특별시 강동구 길동 371-1,572,127.137699,37.540781,212169.456523,549039.164059
1066,365,둔촌중학교,강동구,1174010600,서울특별시 강동구 둔촌동 19-1,1225,127.146206,37.530336,212923.122407,547881.09256
1393,366,온곡초등학교,노원구,1135010500,서울특별시 노원구 상계동 638-0,770,127.065596,37.667637,205787.326708,563111.906483
1394,324,상곡초등학교,노원구,1135010500,서울특별시 노원구 상계동 678-0,914,127.062281,37.662731,205495.291277,562567.255923
1395,358,은평초등학교,은평구,1138010200,서울특별시 은평구 녹번동 40-3,862,126.934935,37.601828,194254.457208,555807.750727
1396,359,불광1동주민센터,은평구,1138010300,서울특별시 은평구 불광동 613-1,181,126.932052,37.61031,194000.548363,556749.440104
1397,389,서울 수리초등학교 본관동,은평구,1138010300,서울특별시 은평구 불광동 639-0,585,126.934043,37.620334,194177.12671,557861.854121
1398,391,연천중학교,은평구,1138010300,서울특별시 은평구 불광동 441-1,998,126.925801,37.627526,193450.131599,558660.656416
1399,390,연신중학교,은평구,1138010300,서울특별시 은평구 불광동 400-4,808,126.924953,37.623703,193374.925449,558236.327888
1400,402,불광중학교,은평구,1138010300,서울특별시 은평구 불광동 173-0,1122,126.931669,37.623116,193967.692644,558170.779805
1401,406,불광2동주민센터,은평구,1138010300,서울특별시 은평구 불광동 81-2,484,126.927321,37.626388,193584.144428,558534.174439
1402,337,서광교회,은평구,1138010400,서울특별시 은평구 갈현동 1-29,1167,126.919281,37.627767,192874.581246,558687.800031
1403,343,갈현2동주민센터,은평구,1138010400,서울특별시 은평구 갈현동 502-3,154,126.915793,37.618498,192565.742359,557659.28221
1199,312,천호중학교,강동구,1174010900,서울특별시 강동구 천호동 38-1,895,127.139577,37.546398,212334.491314,549662.930136
1200,329,천호초등학교 체육관,강동구,1174010900,서울특별시 강동구 천호동 224-21,1000,127.136443,37.547308,212057.377615,549763.442749
1201,330,천호초등학교,강동구,1174010900,서울특별시 강동구 천호동 224-21,3041,127.136443,37.547308,212057.377615,549763.442749
1202,451,천호제2동주민센터,강동구,1174010900,서울특별시 강동구 천호동 422-12,286,127.128202,37.542189,211329.941831,549194.303817
1203,447,천일중학교,강동구,1174010900,서울특별시 강동구 천호동 313-5,540,127.12792,37.545717,211304.519823,549585.855339
1204,340,동신중학교,강동구,1174010900,서울특별시 강동구 천호동 447-9,5000,127.134476,37.536743,211885.255195,548590.662806
1205,452,천호제3동주민센터,강동구,1174010900,서울특별시 강동구 천호동 555-0,218,127.129814,37.53992,211472.752094,548942.638911
1206,335,성내1동 주민센터,강동구,1174010800,서울특별시 강동구 성내동 539-1,184,127.122195,37.530529,210800.738984,547899.429399
1207,337,강동 어린이 회관,강동구,1174010800,서울특별시 강동구 성내동 556-1,470,127.122421,37.529388,210820.864788,547772.836186
1737,443,한남동공영주차장,용산구,1117013100,서울특별시 용산구 한남동 685-20,125,126.997468,37.539158,199776.223746,548850.175618
1739,522,신사문화센터,강남구,1168010700,서울특별시 강남구 신사동 548-1,251,127.022793,37.52398,202014.847945,547165.825351
1740,318,신구초등학교,강남구,1168010700,서울특별시 강남구 신사동 550-11,1663,127.023938,37.523355,202116.049393,547096.53658
1742,3,학동초등학교,강남구,1168010800,서울특별시 강남구 논현동 264-7,100,127.039431,37.512058,203486.121772,545843.18124
1743,10,단국대학교사범대학부속고등학교,강남구,1168010600,서울특별시 강남구 대치동 1013,864,127.056987,37.495195,205039.405306,543972.367397
1744,542,도곡1문화센터,강남구,1168011800,서울특별시 강남구 도곡동 892-6,183,127.038872,37.488371,203437.798984,543214.115036
1745,543,세곡문화센터,강남구,1168011300,서울특별시 강남구 율현동 278-1,429,127.106959,37.469043,209461.833608,541073.630404
1749,336,계상초등학교,노원구,1135010500,서울특별시 노원구 상계동 447-1,922,127.068073,37.663084,206006.263689,562606.769527
1750,349,노원중학교,노원구,1135010500,서울특별시 노원구 상계동 743-0,788,127.059304,37.649133,205233.560408,561057.798214
1751,364,상수초등학교,노원구,1135010500,서울특별시 노원구 상계동 755-0,660,127.064412,37.651844,205684.088811,561359.009031
1752,365,상천초등학교,노원구,1135010500,서울특별시 노원구 상계동 768-0,2063,127.058393,37.646393,205153.292803,560753.68664
1753,475,동일초등학교,노원구,1135010500,서울특별시 노원구 상계동 655-0,600,127.054258,37.664802,204787.253611,562796.642196
1754,97,우이초등학교,강북구,1130510300,서울특별시 강북구 수유동 409-6,1469,127.015252,37.638562,201346.160862,559883.032743
1755,146,서울자운초등학교,도봉구,1132010700,서울특별시 도봉구 창동 181-19,600,127.046564,37.657611,204108.806057,561998.19748
1756,149,서울창원초등학교,도봉구,1132010700,서울특별시 도봉구 창동 308-0,400,127.040591,37.652357,203581.982414,561414.823496
1757,148,서울가인초등학교,도봉구,1132010700,서울특별시 도봉구 창동 224-20,701,127.043535,37.660099,203841.408233,562274.172355
1758,132,백운중학교,도봉구,1132010500,서울특별시 도봉구 쌍문동 68-2,696,127.035956,37.656046,203172.811249,561824.008614
1759,134,세그루패션디자인고등학교,도봉구,1132010500,서울특별시 도봉구 쌍문동 263-2,168,127.026243,37.655294,202315.724898,561740.332078
1760,356,신창중학교,노원구,1135010200,서울특별시 노원구 월계동 805-5,625,127.047529,37.628032,204195.618445,558715.255849
1761,334,독산1동주민센터,금천구,1154510200,서울특별시 금천구 독산동 289-5,303,126.897043,37.470228,190892.38284,541204.828099
1762,337,독산2동주민센터,금천구,1154510200,서울특별시 금천구 독산동 1043-51,226,126.903521,37.463168,191464.640215,540420.648135
1763,340,독산3동주민센터,금천구,1154510200,서울특별시 금천구 독산동 973-17,206,126.903178,37.475145,191435.593726,541749.913568
1764,10,정심초등학교,금천구,1154510200,서울특별시 금천구 독산동 182-44,500,126.90846,37.471646,191902.508761,541361.178572
1765,343,독산4동주민센터,금천구,1154510200,서울특별시 금천구 독산동 1022,155,126.902134,37.467578,191342.380513,540910.26377
1766,315,문백초등학교,금천구,1154510300,서울특별시 금천구 시흥동 564-5,900,126.899272,37.44709,191086.775865,538636.584981
1767,345,금천노인종합복지관,금천구,1154510300,서울특별시 금천구 시흥동 558-1,268,126.897819,37.450166,190958.599826,538978.148858
1768,344,시흥1동주민센터,금천구,1154510300,서울특별시 금천구 시흥동 886-6,314,126.903269,37.453569,191441.262783,539355.312438
1769,321,탑동초등학교,금천구,1154510300,서울특별시 금천구 시흥동 230,900,126.914528,37.452725,192437.361329,539260.705724
1770,347,청담종합사회복지관,금천구,1154510300,서울특별시 금천구 시흥동 241-7,198,126.913746,37.45129,192368.000176,539101.43706
1771,346,금천종합복지타운(시흥2동주민센터),금천구,1154510300,서울특별시 금천구 시흥동 267-9,473,126.914474,37.449673,192432.231557,538921.88936
1772,350,금천문화원,금천구,1154510300,서울특별시 금천구 시흥동 937-2,198,126.904543,37.447408,191553.254888,538671.401881
1781,407,문래초등학교,영등포구,1156012100,서울특별시 영등포구 문래동3가 77-7,225,126.893203,37.518218,190558.728312,546531.458151
1782,445,구립문래제1경로당,영등포구,1156012100,서울특별시 영등포구 문래동3가 73-1,201,126.894195,37.518462,190646.476782,546558.468828
1783,416,양화중학교,영등포구,1156012100,서울특별시 영등포구 문래동3가 48-0,725,126.89605,37.519769,190810.635636,546703.31996
1784,406,문래중학교,영등포구,1156012400,서울특별시 영등포구 문래동6가 44-0,775,126.884247,37.52051,189767.301278,546786.783411
1785,421,영문초등학교,영등포구,1156012400,서울특별시 영등포구 문래동6가 13-0,720,126.887543,37.519598,190058.54739,546685.181686
1786,398,관악고등학교,영등포구,1156012600,서울특별시 영등포구 양평동2가 23-2,753,126.883227,37.521718,189677.310732,546920.951077
1787,475,브릿지호텔,영등포구,1156012600,서울특별시 영등포구 양평동2가 40-5,2519,126.882612,37.523753,189623.204556,547146.879493
1791,462,당산2동주민센터,영등포구,1156011400,서울특별시 영등포구 당산동4가 80-5,355,126.897263,37.531003,190919.171819,547950.057582
1792,472,영등포제2스포츠센터,영등포구,1156011400,서울특별시 영등포구 당산동4가 96-1,553,126.902818,37.526488,191409.657061,547448.402217
1793,443,구립당산2동경로당,영등포구,1156011600,서울특별시 영등포구 당산동6가 184-0,122,126.904013,37.534943,191516.267114,548386.72655
1794,418,영동초등학교,영등포구,1156011700,서울특별시 영등포구 당산동 121-22,620,126.907652,37.526869,191837.05642,547490.28235
1795,399,당산중학교,영등포구,1156011700,서울특별시 영등포구 당산동 121-0,540,126.907579,37.532113,191831.175497,548072.226798
1796,467,도림동주민센터,영등포구,1156011800,서울특별시 영등포구 도림동 222-7,121,126.895888,37.509511,190795.042311,545564.839675
1797,444,구립모랫말경로당,영등포구,1156011800,서울특별시 영등포구 도림동 205-23,176,126.897486,37.509707,190936.336077,545586.425866
1798,473,다목적배드민턴체육관,영등포구,1156011800,서울특별시 영등포구 도림동 254-0,1650,126.897329,37.506738,190922.061089,545256.946564
1799,409,영등포초등학교,영등포구,1156011900,서울특별시 영등포구 문래동1가 35-2,710,126.898161,37.512938,190996.353312,545944.998806
1803,359,중평중학교,노원구,1135010400,서울특별시 노원구 하계동 271-2,899,127.06235,37.637007,205503.253403,559712.136338
1804,489,원광초등학교,노원구,1135010600,서울특별시 노원구 중계동 359-0,1223,127.074507,37.653906,206574.75484,561588.516686
1805,348,상계제일중학교,노원구,1135010600,서울특별시 노원구 중계동 132-0,396,127.0778,37.661678,206864.679407,562451.371683
1806,313,용동초등학교,노원구,1135010600,서울특별시 노원구 중계동 510-1,504,127.069097,37.641117,206098.392558,560168.689958
1807,332,중원초등학교,노원구,1135010600,서울특별시 노원구 중계동 502-0,1366,127.062526,37.643875,205518.292151,560474.403971
1808,361,청계초등학교,노원구,1135010600,서울특별시 노원구 중계동 513-1,1801,127.065899,37.644988,205815.838255,560598.179275
1809,362,노일초등학교,노원구,1135010500,서울특별시 노원구 상계동 1044-2,1573,127.054614,37.67269,204818.099977,563672.142461
1810,316,상계중학교,노원구,1135010500,서울특별시 노원구 상계동 195-5,990,127.06858,37.652699,206051.822912,561454.218338
1811,363,신상계초등학교,노원구,1135010500,서울특별시 노원구 상계동 86-1,887,127.075774,37.668019,206685.31945,563154.983974
1502,376,롯데시티호텔 구로,구로구,1153010200,서울특별시 구로구 구로동 188-25,132,126.896261,37.485064,190825.009998,542851.466644
1503,10,구로중학교,구로구,1153010200,서울특별시 구로구 구로동 90,1530,126.886825,37.500538,189992.513358,544569.829109
1509,421,방원중학교,강서구,1150010900,서울특별시 강서구 방화동 808,734,126.808814,37.575758,183111.368035,552929.532772
1510,419,삼정초등학교,강서구,1150010900,서울특별시 강서구 방화동 798,540,126.810278,37.580104,183241.703358,553411.647257
1511,420,삼정중학교,강서구,1150010900,서울특별시 강서구 방화동 856,260,126.810746,37.581225,183283.301751,553535.983318
1512,355,신도림중학교,구로구,1153010100,서울특별시 구로구 신도림동 311-1,828,126.885414,37.510927,189869.160564,545723.100474
1513,354,신도림고등학교,구로구,1153010100,서울특별시 구로구 신도림동 270-2,560,126.882048,37.514242,189572.021366,546091.343498
1514,374,신미림초등학교,구로구,1153010100,서울특별시 구로구 신도림동 398-28,495,126.879277,37.50916,189326.311914,545527.631088
1515,302,구일고등학교,구로구,1153010200,서울특별시 구로구 구로동 685-194,298,126.878275,37.494012,189235.531784,543846.503277
1516,353,구일중학교,구로구,1153010200,서울특별시 구로구 구로동 685-161,865,126.873722,37.4951,188833.06204,543967.737592
1517,352,구일초등학교,구로구,1153010200,서울특별시 구로구 구로동 685-221,653,126.872936,37.492747,188763.220282,543706.723104
1518,9,구로초등학교,구로구,1153010200,서울특별시 구로구 구로동 443-0,1357,126.886063,37.496888,189924.653826,544164.797598
1519,444,신현초등학교,중랑구,1126010600,서울특별시 중랑구 신내동 663,793,127.093585,37.605673,208263.583993,556236.669911
1520,466,봉화초등학교,중랑구,1126010600,서울특별시 중랑구 신내동 655,540,127.092174,37.613348,208138.154513,557088.366096
1521,468,중랑구청,중랑구,1126010600,서울특별시 중랑구 신내동 662-0,1107,127.092611,37.606699,208177.52508,556350.436175
1522,475,신내2동 주민센터,중랑구,1126010600,서울특별시 중랑구 신내동 665-0,281,127.094109,37.606347,208309.814775,556311.537258
1523,547,성북초등학교,성북구,1129010100,서울특별시 성북구 성북동 66-1,1295,126.997991,37.593656,199822.59571,554898.785369
1524,306,면목중학교,중랑구,1126010100,서울특별시 중랑구 면목동 490,646,127.095984,37.582876,208478.072207,553706.643182
1525,6,중화중학교,중랑구,1126010100,서울특별시 중랑구 면목동 83,1072,127.094465,37.584521,208343.697631,553889.156745
1526,470,면목3.8동 주민센터,중랑구,1126010100,서울특별시 중랑구 면목동 498-6,228,127.088178,37.583051,207788.535605,553725.432505
1527,322,상봉중학교,중랑구,1126010200,서울특별시 중랑구 상봉동 282,555,127.090289,37.601294,207973.049304,555750.338514
1528,460,신현고등학교,중랑구,1126010200,서울특별시 중랑구 상봉동 482-0,650,127.092652,37.604993,208181.325052,556161.18229
1529,477,상봉2동 복합청사,중랑구,1126010200,서울특별시 중랑구 상봉동 126-0,164,127.080977,37.593121,207151.533266,554842.495241
1530,12,중화고등학교,중랑구,1126010300,서울특별시 중랑구 중화동 21-4,912,127.083054,37.604647,207333.854455,556121.882776
1531,528,청덕초등학교,성북구,1129013300,서울특별시 성북구 정릉동 847,656,127.00046,37.611896,200040.637885,556923.299034
1532,529,정릉초등학교,성북구,1129013300,서울특별시 성북구 정릉동 798,375,127.005347,37.619669,200472.061445,557785.977193
1533,530,길음초등학교,성북구,1129013400,서울특별시 성북구 길음동 635-7,562,127.017672,37.614036,201560.315535,557160.93265
1534,553,길음중학교,성북구,1129013400,서울특별시 성북구 길음동 635-7,709,127.017091,37.61442,201508.973739,557203.551873
1535,464,봉화중학교,중랑구,1126010500,서울특별시 중랑구 망우동 122-1,595,127.103914,37.596582,209176.827562,555228.600564
1536,473,망우본동 주민센터,중랑구,1126010500,서울특별시 중랑구 망우동 340-17,489,127.101384,37.600657,208952.878553,555680.678421
1537,476,동원중학교,중랑구,1126010500,서울특별시 중랑구 망우동 85-3,509,127.108597,37.603598,209589.487863,556007.760467
1538,318,면일초등학교,중랑구,1126010500,서울특별시 중랑구 망우동 440,693,127.099947,37.591781,208827.070935,554695.430537
1539,465,면북초등학교,중랑구,1126010500,서울특별시 중랑구 망우동 119,130,127.103397,37.594269,209131.458412,554971.887277
1540,450,신내노인요양원,중랑구,1126010600,서울특별시 중랑구 신내동 642,475,127.094951,37.616208,208383.068773,557406.030856
1541,467,서울새솔초등학교,중랑구,1126010600,서울특별시 중랑구 신내동 241,635,127.111379,37.618055,209833.215412,557612.628748
1542,23,중화초등학교,중랑구,1126010600,서울특별시 중랑구 신내동 531,560,127.094646,37.603004,208357.583796,555940.509662
1543,416,용산구청,용산구,1117013000,서울특별시 용산구 이태원동 34-87,264,126.990119,37.532512,199126.638314,548112.583052
1544,11,동구로초등학교,구로구,1153010200,서울특별시 구로구 구로동 93,752,126.892536,37.494815,190496.776268,543934.033916
1545,322,화곡초등학교,강서구,1150010300,서울특별시 강서구 화곡동 24-266,703,126.84595,37.543209,186385.927776,549310.893411
1546,416,화일초등학교,강서구,1150010300,서울특별시 강서구 화곡동 61-184,573,126.847534,37.540593,186525.413164,549020.355275
1547,327,우장초등학교,강서구,1150010300,서울특별시 강서구 화곡동 18-5,804,126.846285,37.549079,186416.538446,549962.427917
1548,331,양천초등학교,강서구,1150010400,서울특별시 강서구 가양동 272-11,815,126.83946,37.570024,185817.47768,552288.039632
1549,334,가곡초등학교,강서구,1150010500,서울특별시 강서구 마곡동 153-7,1000,126.835822,37.555284,185493.192202,550652.632477
1550,418,발산초등학교,강서구,1150010600,서울특별시 강서구 내발산동 408,545,126.830947,37.549937,185061.344594,550059.926841
1551,335,내발산초등학교,강서구,1150010600,서울특별시 강서구 내발산동 707,780,126.837868,37.551268,185673.199741,550206.563634
1552,426,송정초등학교,강서구,1150010800,서울특별시 강서구 공항동 22-16,618,126.810892,37.562181,183291.909546,551422.25828
1555,544,경동고등학교,성북구,1129011300,서울특별시 성북구 삼선동3가 43-1,950,127.01497,37.585744,201322.175789,554020.828146
1556,546,삼선초등학교,성북구,1129011300,서울특별시 성북구 삼선동3가 30-4,921,127.012581,37.585766,201111.238652,554023.182359
1557,561,성북구청,성북구,1129011500,서울특별시 성북구 삼선동5가 411-0,587,127.016881,37.589456,201490.915859,554432.82902
1558,521,돈암초등학교,성북구,1129010900,서울특별시 성북구 동소문동6가 27-1,619,127.012851,37.593318,201134.956496,554861.342468
1559,550,정덕초등학교,성북구,1129011000,서울특별시 성북구 동소문동7가 118-1,374,127.01362,37.597389,201202.759487,555313.275259
1560,551,개운중학교,성북구,1129010300,서울특별시 성북구 돈암동 83-145,496,127.02485,37.594604,202194.631493,555004.312303
1561,524,안암초등학교,성북구,1129012200,서울특별시 성북구 안암동2가 93,1021,127.022671,37.587227,202002.355448,554185.508461
1562,525,동신초등학교,성북구,1129013200,서울특별시 성북구 보문동3가 228,588,127.016962,37.582582,201498.226093,553669.816578
1563,527,숭덕초등학교,성북구,1129013300,서울특별시 성북구 정릉동 160-1,1353,127.013394,37.603966,201182.715748,556043.236627
1564,552,정수초등학교,성북구,1129013300,서울특별시 성북구 정릉동 431-62,1033,127.007562,37.603699,200667.783603,556013.461861
1577,437,성심여자고등학교,용산구,1117011800,서울특별시 용산구 원효로4가 1-1,542,126.954587,37.534173,195986.153569,548297.849028
1578,308,금양초등학교,용산구,1117011900,서울특별시 용산구 효창동 126-4,393,126.961774,37.540786,196621.691829,549031.579594
1579,423,효창동 주민센터,용산구,1117011900,서울특별시 용산구 효창동 255-5,345,126.961624,37.542557,196608.527791,549228.065632
1580,424,용문동 주민센터,용산구,1117012000,서울특별시 용산구 도원동 4-5,308,126.957558,37.538946,196248.984011,548827.468607
1581,327,한강로동주민센터,용산구,1117012500,서울특별시 용산구 한강로2가 187-3,320,126.96952,37.529103,197305.838822,547734.628021
1582,314,신용산초등학교,용산구,1117012900,서울특별시 용산구 이촌동 301-75,380,126.975897,37.520011,197869.293711,546725.323911
1583,444,용강중학교,용산구,1117012900,서울특별시 용산구 이촌동 301-78,198,126.976086,37.521438,197885.998614,546883.740896
1584,445,중경고등학교,용산구,1117012900,서울특별시 용산구 이촌동 300-302,544,126.975722,37.518106,197853.72552,546513.939081
1585,465,이촌1동 주민센터,용산구,1117012900,서울특별시 용산구 이촌동 301-179,233,126.973125,37.52141,197624.22187,546880.709462
1586,427,이촌2동 주민센터,용산구,1117012900,서울특별시 용산구 이촌동 206-2,343,126.954689,37.526227,195994.71836,547415.949313
1590,301,삼광초등학교,용산구,1117010100,서울특별시 용산구 후암동 190-2,858,126.976733,37.547239,197943.85868,549747.336502
1591,302,보성여자고등학교,용산구,1117010200,서울특별시 용산구 용산동2가 1-1123,720,126.984529,37.542749,198632.767028,549248.847854
1592,454,용암경로당,용산구,1117010200,서울특별시 용산구 용산동2가 5-66,104,126.984677,37.541026,198645.800336,549057.574843
1593,305,청파초등학교,용산구,1117011000,서울특별시 용산구 청파동2가 1-42,585,126.964289,37.547632,196844.25203,549791.258599
1594,456,청파동주민센터,용산구,1117011000,서울특별시 용산구 청파동2가 91-1,252,126.969869,37.545443,197337.227743,549548.143387
1595,7,남정초등학교,용산구,1117011300,서울특별시 용산구 원효로2가 54-1,1000,126.964978,37.536355,196904.678468,548539.659192
1596,453,용산구문화체육센터,용산구,1117012200,서울특별시 용산구 문배동 19-2,721,126.967683,37.537202,197143.732552,548633.534721
1597,452,원효다목적체육관,용산구,1117011700,서울특별시 용산구 원효로3가 51-25,939,126.957128,37.53292,196210.693618,548158.710452
1598,556,서울도시과학기술고등학교,성북구,1129013600,서울특별시 성북구 하월곡동 90-18,487,127.03189,37.607328,202815.850791,556416.70345
1599,557,장위중학교,성북구,1129013800,서울특별시 성북구 장위동 231-623,923,127.041588,37.611389,203671.966046,556867.737535
1600,537,장위초등학교,성북구,1129013800,서울특별시 성북구 장위동 68-8,817,127.049827,37.612103,204399.416496,556947.416787
1601,558,월곡초등학교,성북구,1129013800,서울특별시 성북구 장위동 246-194,1419,127.046394,37.60964,204096.397266,556673.904066
1602,539,광운초등학교,성북구,1129013800,서울특별시 성북구 장위동 128,569,127.055273,37.618909,204879.761154,557703.046406
1603,540,석계초등학교,성북구,1129013900,서울특별시 성북구 석관동 27-3,490,127.069765,37.608609,206160.078228,556560.718699
1604,542,석관고등학교,성북구,1129013900,서울특별시 성북구 석관동 77-1,1557,127.06657,37.609228,205877.86687,556629.256047
1605,560,석관중학교,성북구,1129013900,서울특별시 성북구 석관동 88-2,1229,127.066832,37.608196,205901.085651,556514.684003
1606,66,삼양초등학교,강북구,1130510100,서울특별시 강북구 미아동 791-1932,976,127.016564,37.623635,201462.301329,558226.26981
1607,67,미양초등학교,강북구,1130510100,서울특별시 강북구 미아동 837-687,1161,127.01376,37.621289,201214.755377,557965.899863
1648,333,개명초등학교,구로구,1153010700,서울특별시 구로구 개봉동 314-165,715,126.850698,37.483005,186794.877952,542628.405515
1649,347,개봉초등학교,구로구,1153010700,서울특별시 구로구 개봉동 266-0,534,126.858344,37.489462,187472.241848,543343.972812
1650,372,개웅산생활체육관,구로구,1153010700,서울특별시 구로구 개봉동 298-7,1072,126.849657,37.485261,186703.27487,542878.901595
1651,319,오류초등학교,구로구,1153010800,서울특별시 구로구 오류동 13-3,899,126.842121,37.497806,186039.022011,544272.326692
1652,375,한강골드호텔,구로구,1153010800,서울특별시 구로구 오류동 55-42,130,126.844872,37.495827,186281.99115,544052.245357
1653,367,서울오정초등학교,구로구,1153010800,서울특별시 구로구 오류동 108-28,750,126.82646,37.48971,184652.536829,543376.254661
1654,364,천왕중학교,구로구,1153011100,서울특별시 구로구 천왕동 273-1,754,121.169846,36.146513,-324971.275894,410088.010312
1655,361,서울천왕초등학교,구로구,1153011100,서울특별시 구로구 천왕동 273-2,759,126.836761,37.481579,185562.01104,542472.146329
1656,343,유한공업고등학교,구로구,1153011200,서울특별시 구로구 항동 1-7,858,126.823975,37.488094,184432.433761,543197.271124
1657,359,서울정진학교,구로구,1153010900,서울특별시 구로구 궁동 242-0,776,126.820767,37.498835,184151.01688,544389.958302
1666,531,길음종합사회복지관,성북구,1129013400,서울특별시 성북구 길음동 1289-12,345,127.024746,37.608825,202185.017664,556582.663844
1667,532,숭례초등학교,성북구,1129013500,서울특별시 성북구 종암동 22-1,680,127.034936,37.594912,203085.296678,555038.77592
1668,554,종암중학교,성북구,1129013500,서울특별시 성북구 종암동 32-3,1027,127.032266,37.592846,202849.620186,554809.358722
1669,533,숭인초등학교,성북구,1129013600,서울특별시 성북구 하월곡동 225-3,510,127.038406,37.608936,203391.14996,556595.400385
1670,555,숭곡중학교,성북구,1129013600,서울특별시 성북구 하월곡동 87-1,920,127.031133,37.607947,202748.978784,556485.4565
1695,141,서울초당초등학교,도봉구,1132010600,서울특별시 도봉구 방학동 514-2,880,127.0223,37.658147,201967.759959,562056.879849
1696,140,서울신방학초등학교,도봉구,1132010600,서울특별시 도봉구 방학동 310-0,1414,127.029585,37.665791,202610.248853,562905.475919
1697,157,학마을도서관,도봉구,1132010600,서울특별시 도봉구 방학동 446-5,620,127.027937,37.662157,202465.016989,562502.06545
1698,357,신계초등학교,노원구,1135010200,서울특별시 노원구 월계동 602-0,498,127.052974,37.630432,204676.086055,558981.921267
1701,424,영원중학교,영등포구,1156010100,서울특별시 영등포구 영등포동 576-6,513,126.913732,37.515559,192373.284627,546234.467223
1702,440,구립영등포본동경로당,영등포구,1156010100,서울특별시 영등포구 영등포동 620-50,292,126.906682,37.512955,191749.72424,545946.054349
1703,73,창문여자중학교,강북구,1130510100,서울특별시 강북구 미아동 8-6,2789,127.036475,37.61305,203220.460761,557052.00273
1704,76,성암국제무역고등학교,강북구,1130510100,서울특별시 강북구 미아동 320-1,288,127.024733,37.620981,202183.458704,557931.8705
1705,77,삼각산중학교,강북구,1130510100,서울특별시 강북구 미아동 1353-10,1181,127.014849,37.615966,201311.039393,557375.039818
1706,78,삼각산초등학교,강북구,1130510100,서울특별시 강북구 미아동 1353-10,751,127.014881,37.616042,201313.812956,557383.524274
1707,81,수송초등학교,강북구,1130510200,서울특별시 강북구 번동 456-0,8887,127.033523,37.637414,202958.821675,559756.054666
1708,82,수송초등학교,강북구,1130510200,서울특별시 강북구 번동 456-0,1075,127.033392,37.637216,202947.317331,559734.081274
1709,83,수송중학교,강북구,1130510200,서울특별시 강북구 번동 456-1,1292,127.034107,37.636911,203010.451214,559700.202198
1710,84,번동중학교,강북구,1130510200,서울특별시 강북구 번동 231-0,845,127.036766,37.631947,203245.318894,559149.380741
1711,99,강북웰빙스포츠센터,강북구,1130510200,서울특별시 강북구 번동 318-0,1166,127.037858,37.630664,203341.73854,559006.96845
1712,85,번동초등학교,강북구,1130510200,서울특별시 강북구 번동 236-0,969,127.040448,37.629445,203570.465897,558871.737696
1713,86,오현초등학교,강북구,1130510200,서울특별시 강북구 번동 248-0,450,127.046612,37.623531,204114.87938,558215.584159
1716,490,월계중학교,노원구,1135010200,서울특별시 노원구 월계동 602-1,1430,127.052131,37.630204,204601.714714,558956.501859
1717,346,녹천초등학교,노원구,1135010200,서울특별시 노원구 월계동 322-2,720,127.063246,37.628931,205582.958546,558815.84758
1718,358,녹천중학교,노원구,1135010200,서울특별시 노원구 월계동 321-7,1117,127.062212,37.631519,205491.464485,559103.059582
1719,307,용원초등학교,노원구,1135010300,서울특별시 노원구 공릉동 709-0,1227,127.068968,37.629914,206087.936957,558925.343775
1720,328,공릉중학교,노원구,1135010300,서울특별시 노원구 공릉동 250-0,2395,127.083575,37.62217,207378.084086,558066.87507
1721,354,불암중학교,노원구,1135010400,서울특별시 노원구 하계동 288-3,877,127.07376,37.646019,206509.56841,560713.122895
1722,347,중평초등학교,노원구,1135010400,서울특별시 노원구 하계동 271-0,608,127.063758,37.637522,205627.489775,559769.371751
1723,64,삼양초등학교,강북구,1130510100,서울특별시 강북구 미아동 791-1932,7660,127.016578,37.623594,201463.455056,558221.760516
1724,69,강북구 보훈회관,강북구,1130510100,서울특별시 강북구 미아동 198-55,294,127.02964,37.626614,202616.539814,558557.235768
1725,70,송중초등학교,강북구,1130510100,서울특별시 강북구 미아동 94-1,904,127.031357,37.61672,202768.434961,557459.138781
1726,74,화계초등학교,강북구,1130510100,서울특별시 강북구 미아동 127-2,699,127.029364,37.623891,202592.205781,558254.98952
1727,71,송중초등학교,강북구,1130510100,서울특별시 강북구 미아동 94-1,457,127.030958,37.617156,202733.181654,557507.493978
1734,428,이태원1동 주민센터,용산구,1117013000,서울특별시 용산구 이태원동 100-3,112,126.995072,37.532454,199564.430733,548106.164575
1735,333,이태원초등학교,용산구,1117013000,서울특별시 용산구 이태원동 406,1206,126.988025,37.535867,198941.596089,548484.97267
1736,429,이태원2동 주민센터,용산구,1117013000,서울특별시 용산구 이태원동 255-54,62,126.990191,37.541867,199133.136997,549150.839375
1895,42,가재울고등학교,서대문구,1141011900,서울특별시 서대문구 북가좌동 476-0,742,126.909506,37.574311,192005.963686,552755.587071
1835,364,강명중학교,강동구,1174011000,서울특별시 강동구 강일동 737-0,2670,127.174846,37.555556,215449.383784,550684.562201
1836,445,강빛초중이음학교,강동구,1174011000,서울특별시 강동구 강일동 120-4,1334,127.171201,37.574209,215123.492679,552754.159096
1837,357,강명초등학교,강동구,1174010300,서울특별시 강동구 상일동 480-0,3971,127.173533,37.554669,215333.573631,550585.87963
1838,438,상일1동주민센터,강동구,1174010300,서울특별시 강동구 상일동 513-2,225,127.168341,37.550689,214875.589748,550143.305858
1839,446,서울고일초등학교,강동구,1174010300,서울특별시 강동구 상일동 125-0,747,127.168835,37.552003,214918.938939,550289.240226
1840,450,상일제2동주민센터,강동구,1174010300,서울특별시 강동구 상일동 산77-27,153,127.179835,37.555114,215890.260638,550636.320343
1841,305,대명초등학교,강동구,1174010100,서울특별시 강동구 명일동 234,750,127.15329,37.547137,213546.204669,549746.791099
1842,360,명덕초등학교,강동구,1174010200,서울특별시 강동구 고덕동 487-15,498,127.146058,37.556958,212905.441138,550835.803491
1843,435,묘곡초등학교,강동구,1174010200,서울특별시 강동구 고덕동 498-0,833,127.15317,37.558963,213533.459862,551059.328428
1844,440,고덕1동주민센터,강동구,1174010200,서울특별시 강동구 고덕동 691-6,135,127.152536,37.555477,213478.098315,550672.342441
1845,441,암사2동주민센터,강동구,1174010700,서울특별시 강동구 암사동 503-8,560,127.127317,37.551686,211250.279906,550248.208305
1846,10,강일중학교,강동구,1174010700,서울특별시 강동구 암사동 414-17,648,127.135811,37.556165,212000.145845,550746.366828
1848,366,성내중학교,강동구,1174010800,서울특별시 강동구 성내동 448-7,759,127.128884,37.524542,211392.891989,547235.790023
1849,320,서울제일교회,강동구,1174010800,서울특별시 강동구 성내동 437-36,331,127.132174,37.525277,211683.572801,547317.811588
1850,443,길동주민센터,강동구,1174010500,서울특별시 강동구 길동 228-6,190,127.142646,37.534671,212607.680216,548361.692309
1851,449,둔촌제1동주민센터,강동구,1174010600,서울특별시 강동구 둔촌동 172-5,316,127.136729,37.523403,212086.52989,547110.383085
1852,325,선린초등학교,강동구,1174010600,서울특별시 강동구 둔촌동 91-17,1650,127.145749,37.529262,212882.870687,547761.764646
1853,442,둔촌고등학교,강동구,1174010600,서울특별시 강동구 둔촌동 79-3,1564,127.144019,37.530919,212729.695617,547945.446838
1854,444,한산중학교,강동구,1174010600,서울특별시 강동구 둔촌동 161-1,599,127.140124,37.528328,212385.886697,547657.379961
2432,358,목동종합사회복지관,양천구,1147010200,서울특별시 양천구 목동 946-0,185,126.866327,37.544265,188186.914001,549425.436844
2433,354,목2동주민센터,양천구,1147010200,서울특별시 양천구 목동 530-6,281,126.871644,37.546126,188657.049229,549631.276354
2434,316,양동중학교,양천구,1147010200,서울특별시 양천구 목동 600-6,1028,126.869351,37.547894,188454.721542,549827.824369
2435,357,목동보건지소,양천구,1147010200,서울특별시 양천구 목동 717-28,650,126.866975,37.5401,188243.486024,548963.01113
2436,355,목3동주민센터,양천구,1147010200,서울특별시 양천구 목동 642-1,125,126.864403,37.544784,188016.963302,549483.254212
2437,8,정목초등학교 체육관,양천구,1147010200,서울특별시 양천구 목동 757-1,617,126.87006,37.536518,188515.617867,548565.061444
2438,356,목4동주민센터,양천구,1147010200,서울특별시 양천구 목동 904-19,120,126.86834,37.532382,188362.91424,548106.299702
2439,374,신목중학교,양천구,1147010200,서울특별시 양천구 목동 902-1,735,126.873165,37.536831,188790.031175,548599.440477
2440,317,영도초등학교,양천구,1147010200,서울특별시 양천구 목동 903-1,931,126.871449,37.535824,188638.23346,548487.958264
2441,318,월촌초등학교 체육관,양천구,1147010200,서울특별시 양천구 목동 901-1,540,126.876189,37.54002,189057.75839,548953.082205
2442,342,목5동주민센터,양천구,1147010200,서울특별시 양천구 목동 908-32,468,126.881736,37.537185,189547.656221,548637.810611
2443,380,월촌중학교,양천구,1147010200,서울특별시 양천구 목동 909-0,934,126.883202,37.537856,189677.301157,548712.123731
2352,18,신묵초등학교,중랑구,1126010400,서울특별시 중랑구 묵동 246-12,675,127.075552,37.60717,206671.139541,556401.406349
2353,448,묵현초등학교,중랑구,1126010400,서울특별시 중랑구 묵동 242-55,714,127.073652,37.608984,206503.236624,556602.565111
2354,457,망우초등학교,중랑구,1126010500,서울특별시 중랑구 망우동 153-1,705,127.103434,37.59833,209134.231425,555422.575727
2548,394,회기동주민센터,동대문구,1123010800,서울특별시 동대문구 회기동 347-9,100,127.055442,37.590769,204896.520178,554579.84732
2549,388,청량초등학교,동대문구,1123010800,서울특별시 동대문구 회기동 1-1,704,127.055554,37.591876,204906.396544,554702.749955
2555,341,전동초등학교,동대문구,1123010400,서울특별시 동대문구 전농동 45-41,3500,127.061189,37.5791,205404.945023,553285.014776
2556,361,전농2동주민센터,동대문구,1123010400,서울특별시 동대문구 전농동 688-2,129,127.060046,37.578074,205304.05153,553171.13311
2557,342,전일중학교,동대문구,1123010400,서울특별시 동대문구 전농동 60-1,1191,127.058519,37.581837,205168.937376,553588.63581
2558,339,배봉초등학교,동대문구,1123010400,서울특별시 동대문구 전농동 3-111,1287,127.066784,37.580122,205899.073635,553398.790551
2559,365,답십리1동 주민센터,동대문구,1123010500,서울특별시 동대문구 답십리동 477-9,323,127.051136,37.571959,204517.400348,552491.896406
2560,391,답십리초등학교,동대문구,1123010500,서울특별시 동대문구 답십리동 2-74,3500,127.063027,37.569596,205568.015851,552230.238998
2561,366,답십리2동주민센터,동대문구,1123010500,서울특별시 동대문구 답십리동 10-2,239,127.061323,37.567416,205417.661418,551988.243645
2562,348,장평중학교,동대문구,1123010600,서울특별시 동대문구 장안동 352-0,992,127.070703,37.566635,206246.420019,551902.123912
2563,347,안평초등학교,동대문구,1123010600,서울특별시 동대문구 장안동 353-1,1096,127.071305,37.565764,206299.618053,551805.528752
2564,392,장안1동주민센터,동대문구,1123010600,서울특별시 동대문구 장안동 395-3,102,127.066476,37.567754,205872.885683,552026.108323
2565,349,장평초등학교,동대문구,1123010600,서울특별시 동대문구 장안동 323-0,1462,127.073263,37.573809,206471.892907,552698.515548
2566,393,장안2동주민센터,동대문구,1123010600,서울특별시 동대문구 장안동 286-3,180,127.07061,37.57849,206237.146983,553217.898792
2567,389,청량중학교,동대문구,1123010700,서울특별시 동대문구 청량리동 14-0,2007,127.050941,37.587426,204499.222808,554208.558037
2568,398,청량리동 주민센터,동대문구,1123010700,서울특별시 동대문구 청량리동 235-6,233,127.04812,37.58298,204250.338796,553715.017733
2569,390,청량고등학교,동대문구,1123010700,서울특별시 동대문구 청량리동 61-95,3500,127.050874,37.588767,204493.22018,554357.407334
2570,362,용신동주민센터,동대문구,1123010200,서울특별시 동대문구 용두동 792-5,267,127.037285,37.575823,203293.565458,552920.24214
2571,363,제기동주민센터,동대문구,1123010300,서울특별시 동대문구 제기동 830-1,150,127.037825,37.583171,203340.956215,553735.759508
2572,386,성일중학교,동대문구,1123010300,서울특별시 동대문구 제기동 271-41,2235,127.033855,37.58134,202990.421366,553532.467787
2573,387,홍파초등학교,동대문구,1123010300,서울특별시 동대문구 제기동 678-0,907,127.039389,37.586306,203478.952422,554083.747909
2574,338,전농초등학교,동대문구,1123010400,서울특별시 동대문구 전농동 298-0,977,127.054553,37.574881,204819.076917,552816.419879
2575,373,동대문중학교,동대문구,1123010400,서울특별시 동대문구 전농동 322-5,3500,127.052259,37.574643,204616.435764,552789.871678
2576,382,전농1동주민센터,동대문구,1123010400,서울특별시 동대문구 전농동 678-1,221,127.047717,37.577983,204214.998015,553160.375283
2577,340,전곡초등학교,동대문구,1123010400,서울특별시 동대문구 전농동 188-0,3500,127.056494,37.580459,204990.10154,553435.639514
2606,358,세종과학고등학교,구로구,1153010900,서울특별시 구로구 궁동 232-0,670,126.82755,37.49748,184750.526977,544238.419109
2607,370,궁동종합사회복지관,구로구,1153010900,서울특별시 구로구 궁동 108-10,137,126.82963,37.499018,184934.710593,544408.732517
2608,373,온수어르신복지관,구로구,1153011000,서울특별시 구로구 온수동 155-5,258,126.823286,37.496673,184373.279312,544149.579662
2609,477,양평2동주민센터,영등포구,1156012800,서울특별시 영등포구 양평동4가 96-0,570,126.893998,37.536458,190631.321842,548555.779162
2610,425,영원초등학교,영등포구,1156010100,서울특별시 영등포구 영등포동 647-2,590,126.902334,37.510712,191365.075111,545697.506606
2611,464,영등포본동주민센터,영등포구,1156010100,서울특별시 영등포구 영등포동 592-70,75,126.909393,37.514712,191989.592041,546140.798199
2623,16,세곡초등학교,구로구,1153010600,서울특별시 구로구 고척동 253-129,720,126.849119,37.504817,186659.133699,545049.483693
2624,371,구로구민체육센터,구로구,1153010600,서울특별시 구로구 고척동 산9-14,5264,126.852536,37.506133,186961.455077,545195.017427
2625,316,매봉초등학교,구로구,1153010700,서울특별시 구로구 개봉동 3,110,126.844575,37.504402,186257.274305,545004.072311
2626,341,경인중학교,구로구,1153010700,서울특별시 구로구 개봉동 143-4,858,126.854658,37.498382,187147.788193,544334.473888
2627,419,영등포여자고등학교,영등포구,1156013200,서울특별시 영등포구 신길동 184-3,923,126.915565,37.515391,192535.323409,546215.631049
2628,465,영등포동주민센터,영등포구,1156010300,서울특별시 영등포구 영등포동2가 222-2,336,126.910637,37.520314,192100.218898,546762.449935
2629,458,영등포동자치회관,영등포구,1156010800,서울특별시 영등포구 영등포동7가 59-4,196,126.903608,37.525383,191479.421198,547325.719009
2630,410,영중초등학교,영등포구,1156010800,서울특별시 영등포구 영등포동7가 53-0,597,126.903964,37.523812,191510.690751,547151.296559
2631,474,하이서울유스호스텔,영등포구,1156010800,서울특별시 영등포구 영등포동7가 57-0,9807,126.903438,37.525598,191464.365331,547349.51467
2632,417,여의도고등학교,영등포구,1156011000,서울특별시 영등포구 여의도동 30-1,631,126.93412,37.525059,194176.507872,547287.3494
2633,426,윤중초등학교,영등포구,1156011000,서울특별시 영등포구 여의도동 38-0,728,126.922893,37.519797,193183.578315,546704.103094
2634,463,여의동주민센터,영등포구,1156011000,서울특별시 영등포구 여의도동 53-22,140,126.934514,37.517647,194210.772076,546464.730431
2635,442,구립당산3가경로당,영등포구,1156011300,서울특별시 영등포구 당산동3가 407-0,132,126.89395,37.526029,190625.769943,547398.317905
2636,466,당산1동주민센터,영등포구,1156011300,서울특별시 영등포구 당산동3가 250-0,175,126.897308,37.525013,190922.443726,547285.158626
2637,362,서울영일초등학교,구로구,1153010300,서울특별시 구로구 가리봉동 17-0,856,126.883437,37.484688,189690.736602,542811.032616
2638,377,제이에스호스텔,구로구,1153010300,서울특별시 구로구 가리봉동 135-25,55,126.891042,37.479498,190362.745162,542234.270114
2639,348,고척중학교,구로구,1153010600,서울특별시 구로구 고척동 76-2,1046,126.862068,37.500226,187803.335324,544538.148082
2640,349,고산초등학교,구로구,1153010600,서울특별시 구로구 고척동 76-10,612,126.865397,37.499342,188097.562643,544439.609278
2641,350,고원초등학교,구로구,1153010600,서울특별시 구로구 고척동 66-26,713,126.865797,37.497566,188132.652104,544242.445702
2642,363,서울고척초등학교,구로구,1153010600,서울특별시 구로구 고척동 129-3,552,126.857191,37.500949,187372.22126,544619.008305
2660,467,한남동주민센터,용산구,1117013100,서울특별시 용산구 한남동 685-43,385,127.000494,37.534564,200043.662026,548340.327269
2661,468,매봉경로당,용산구,1117013100,서울특별시 용산구 한남동 726-250,233,127.003713,37.543029,200328.104249,549279.822888
2662,323,서빙고초등학교,용산구,1117013300,서울특별시 용산구 서빙고동 235-1,100,126.992403,37.522146,199328.414436,546962.085089
2663,431,서빙고동 주민센터,용산구,1117013300,서울특별시 용산구 서빙고동 134,60,126.994637,37.520487,199525.89333,546777.955533
2664,324,오산고등학교,용산구,1117013600,서울특별시 용산구 보광동 168-4,800,126.999764,37.524544,199979.166715,547228.198196
2665,143,창동고등학교,도봉구,1132010700,서울특별시 도봉구 창동 694-10,1494,127.038804,37.650964,203424.348204,561260.111191
2666,145,서울신화초등학교,도봉구,1132010700,서울특별시 도봉구 창동 504-33,623,127.041224,37.632459,203638.776094,559206.284326
2667,147,자운고등학교,도봉구,1132010700,서울특별시 도봉구 창동 1-0,791,127.050673,37.659092,204471.231502,562162.690619
2668,151,서울오봉초등학교,도봉구,1132010800,서울특별시 도봉구 도봉동 608-22,522,127.040358,37.671664,203560.506905,563557.701555
2669,153,누원고등학교,도봉구,1132010800,서울특별시 도봉구 도봉동 646-0,783,127.049976,37.685527,204408.208256,565096.714966
2670,130,효문고등학교,도봉구,1132010500,서울특별시 도봉구 쌍문동 468-0,540,127.018175,37.652557,201603.897668,561436.356289
2671,131,서울쌍문초등학교,도봉구,1132010500,서울특별시 도봉구 쌍문동 360-4,720,127.024391,37.648603,202152.502685,560997.593477
2672,155,덕성여자대학교,도봉구,1132010500,서울특별시 도봉구 쌍문동 419-0,1629,127.016977,37.651659,201498.170572,561336.630912
2673,133,신도봉중학교,도봉구,1132010500,서울특별시 도봉구 쌍문동 94-1,1316,127.033206,37.649252,202930.438098,561069.905802
2674,135,서울창도초등학교,도봉구,1132010600,서울특별시 도봉구 방학동 722-9,1160,127.049511,37.663694,204368.452737,562673.499939
2675,136,도봉 문화고등학교,도봉구,1132010600,서울특별시 도봉구 방학동 723-0,1514,127.047082,37.663451,204154.114468,562646.354561
2676,137,서울방학초등학교,도봉구,1132010600,서울특별시 도봉구 방학동 667-1,572,127.032057,37.663921,202828.458618,562697.948317
2444,370,서울경인초등학교,양천구,1147010200,서울특별시 양천구 목동 911-4,631,126.886257,37.533116,189946.670924,548185.684129
2445,343,신월보건지소,양천구,1147010300,서울특별시 양천구 신월동 131-4,160,126.832067,37.532303,185156.843719,548102.603701
2446,360,신월1동주민센터,양천구,1147010300,서울특별시 양천구 신월동 135-18,156,126.831526,37.532786,185109.12664,548156.338483
2988,64,서울은로초등학교,동작구,1159010500,서울특별시 동작구 흑석동 245-1,555,126.965121,37.508605,196916.150475,545459.76454
2989,12,강현중학교,동작구,1159010200,서울특별시 동작구 상도동 335-5,718,126.931101,37.503075,193907.8089,544847.681886
2990,66,대방중학교,동작구,1159010900,서울특별시 동작구 신대방동 492-200,952,126.913763,37.495166,192373.992692,543971.063344
2991,27,문창중학교,동작구,1159010900,서울특별시 동작구 신대방동 364-58,658,126.921772,37.495826,193082.264342,544043.734893
2992,13,서울상도초등학교,동작구,1159010200,서울특별시 동작구 상도동 238-2,680,126.93723,37.49971,194449.5423,544473.794599
2993,11,서울신상도초등학교,동작구,1159010200,서울특별시 동작구 상도동 산65-59,530,126.944064,37.500276,195053.813444,544536.217802
2995,54,동작고등학교,동작구,1159010700,서울특별시 동작구 사당동 236-5,540,126.965239,37.482236,196925.477051,542533.155636
2996,45,영등포고등학교,동작구,1159010800,서울특별시 동작구 대방동 13-2,873,126.933666,37.508253,194135.046017,545422.15495
2997,67,남사초등학교,동작구,1159010700,서울특별시 동작구 사당동 1011-1,180,126.978862,37.482344,198130.43885,542544.712376
2998,59,서울남성초등학교,동작구,1159010700,서울특별시 동작구 사당동 324-18,804,126.975809,37.48461,197860.419552,542796.326589
2999,25,서울대림초등학교,동작구,1159010800,서울특별시 동작구 대방동 391-62,880,126.925733,37.500648,193432.955004,544578.680553
3000,15,서울본동초등학교,동작구,1159010400,서울특별시 동작구 본동 50-8,638,126.953903,37.510117,195924.427841,545627.9862
3035,43,인왕초등학교,서대문구,1141011100,서울특별시 서대문구 홍제동 241-113,477,126.94521,37.590504,195161.023229,554550.387094
3036,15,홍제초등학교,서대문구,1141011800,서울특별시 서대문구 홍은동 48,675,126.944641,37.593062,195110.97787,554834.27589
3037,17,홍연초등학교 체육관,서대문구,1141011800,서울특별시 서대문구 홍은동 305,1100,126.931055,37.581708,193910.169821,553574.927475
3038,58,서대문문화체육회관,서대문구,1141011800,서울특별시 서대문구 홍은동 산26-155,508,126.931731,37.58094,193969.81301,553489.665724
3039,434,영은교회,영등포구,1156012700,서울특별시 영등포구 양평동3가 8-2,732,126.889994,37.525344,190275.988608,547322.679707
3040,401,당중초등학교,영등포구,1156012700,서울특별시 영등포구 양평동3가 42-0,558,126.889988,37.526567,190275.56042,547458.422642
3041,413,선유중학교,영등포구,1156012700,서울특별시 영등포구 양평동3가 82-0,540,126.894588,37.533014,190683.035481,548173.442148
3042,459,선유도서관,영등포구,1156012700,서울특별시 영등포구 양평동3가 88-1,137,126.892988,37.533329,190541.599459,548208.659611
3043,400,당산초등학교,영등포구,1156012800,서울특별시 영등포구 양평동4가 323-0,369,126.89677,37.539697,190876.685266,548914.975045
3044,412,선유고등학교,영등포구,1156012800,서울특별시 영등포구 양평동4가 10-0,730,126.894816,37.533865,190703.265045,548267.943415
3045,428,한강미디어고등학교,영등포구,1156012800,서울특별시 영등포구 양평동4가 315-1,721,126.897257,37.539169,190919.647519,548856.345218
3046,450,구립율산경로당,영등포구,1156013200,서울특별시 영등포구 신길동 9-102,198,126.922626,37.51573,193159.634719,546252.804403
3047,423,영신초등학교,영등포구,1156013200,서울특별시 영등포구 신길동 121-0,390,126.917985,37.510033,192748.774658,545620.79288
3048,439,신길교회,영등포구,1156013200,서울특별시 영등포구 신길동 63-3,631,126.919539,37.515105,192886.647339,546183.661795
3052,2,금화초등학교,서대문구,1141010600,서울특별시 서대문구 천연동 13-1,550,126.963188,37.568651,196747.894116,552124.204628
3053,4,북성초등학교,서대문구,1141011000,서울특별시 서대문구 북아현동 215,426,126.951927,37.559292,195752.485188,551085.847208
3054,23,아현감리교회,서대문구,1141011000,서울특별시 서대문구 북아현동 126-10,400,126.95873,37.557683,196353.512158,550907.070384
3055,62,북아현문화체육센터,서대문구,1141011000,서울특별시 서대문구 북아현동 1012-2,614,126.955455,37.561883,196064.34142,551373.307304
3056,54,대신초등학교,서대문구,1141011200,서울특별시 서대문구 대현동 67-1,405,126.947618,37.558042,195371.675283,550947.389834
3057,7,창서초등학교,서대문구,1141011600,서울특별시 서대문구 창천동 53-38,615,126.933965,37.557612,194165.304076,550900.393745
3058,9,연희초등학교,서대문구,1141011700,서울특별시 서대문구 연희동 88-1,600,126.933892,37.56919,194159.787048,552185.45463
3059,38,연북중학교,서대문구,1141011700,서울특별시 서대문구 연희동 141-0,836,126.937728,37.577819,194499.290018,553142.907987
3060,35,안산초등학교,서대문구,1141011100,서울특별시 서대문구 홍제동 44,1013,126.944031,37.585068,195056.505196,553947.166073
3061,22,홍제3동주민센터,서대문구,1141011100,서울특별시 서대문구 홍제동 7-13,40,126.949763,37.593763,195563.317225,554911.84365
3062,31,인왕중학교,서대문구,1141011100,서울특별시 서대문구 홍제동 9-27,816,126.952043,37.59278,195764.599749,554802.628633
3063,40,홍은중학교,서대문구,1141011100,서울특별시 서대문구 홍제동 286-38,606,126.949603,37.59762,195549.430731,555339.966288
2741,351,시흥3동주민센터,금천구,1154510300,서울특별시 금천구 시흥동 956-3,198,126.905828,37.440277,191666.143855,537879.859515
2742,352,남부여성발전센터,금천구,1154510300,서울특별시 금천구 시흥동 산139-2,491,126.906036,37.46326,191687.088648,540430.663992
2743,353,시흥4동주민센터,금천구,1154510300,서울특별시 금천구 시흥동 812-38,209,126.906175,37.458948,191698.911811,539952.087498
2744,356,시흥5동주민센터,금천구,1154510300,서울특별시 금천구 시흥동 910-5,160,126.908302,37.452352,191886.377875,539219.828093
2763,331,가산동주민센터,금천구,1154510100,서울특별시 금천구 가산동 144-3,135,126.891763,37.476873,190426.147139,541942.884324
2764,7,안천중학교,금천구,1154510200,서울특별시 금천구 독산동 1089,682,126.887722,37.459219,190066.335712,539983.849697
2765,335,금천한내어르신복지센터,금천구,1154510200,서울특별시 금천구 독산동 293-14,113,126.886851,37.45794,189989.143748,539842.048067
2968,405,도림초등학교,영등포구,1156013200,서울특별시 영등포구 신길동 285-1,800,126.90678,37.508191,191757.922074,545417.28901
2969,411,서울우신초등학교,영등포구,1156013200,서울특별시 영등포구 신길동 210-0,633,126.911419,37.509572,192168.192809,545570.138464
2970,469,신길4동주민센터,영등포구,1156013200,서울특별시 영등포구 신길동 209-102,184,126.9113,37.50845,192157.557699,545445.646214
2971,452,구립신길5동제2경로당,영등포구,1156013200,서울특별시 영등포구 신길동 341-3,168,126.905482,37.501739,191642.406488,544701.378676
2972,404,대영초등학교,영등포구,1156013200,서울특별시 영등포구 신길동 341-1,180,126.906025,37.502352,191690.511249,544769.283543
2973,471,영등포구제1스포츠센터,영등포구,1156013200,서울특별시 영등포구 신길동 426-3,651,126.906741,37.500618,191753.580001,544576.85333
2974,436,대림감리교회,영등포구,1156013200,서울특별시 영등포구 신길동 4794-0,1100,126.909766,37.494076,192020.404942,543850.412226
2975,422,영신고등학교,영등포구,1156013200,서울특별시 영등포구 신길동 4656-2,895,126.909747,37.49767,192019.073613,544249.324437
2976,403,서울대방초등학교,영등포구,1156013200,서울특별시 영등포구 신길동 1444-0,660,126.918942,37.502299,192832.63744,544762.370233
2977,454,구립신길7동경로당,영등포구,1156013200,서울특별시 영등포구 신길동 897-3,221,126.921336,37.506396,193044.685674,545216.889419
2978,455,구립대림1경로당,영등포구,1156013300,서울특별시 영등포구 대림동 899-2,60,126.906022,37.495431,191689.413607,544001.179091
2979,402,대림중학교,영등포구,1156013300,서울특별시 영등포구 대림동 959-0,711,126.907674,37.492424,191835.234165,543667.272252
2980,414,신대림초등학교,영등포구,1156013300,서울특별시 영등포구 대림동 968-0,663,126.905601,37.492076,191651.862038,543628.807322
2981,420,영림초등학교,영등포구,1156013300,서울특별시 영등포구 대림동 993-16,567,126.902506,37.487352,191377.603583,543104.803125
2987,70,서울영본초등학교,동작구,1159010400,서울특별시 동작구 본동 205-326,816,126.948826,37.511154,195475.601754,545743.359716
3226,421,인헌초등학교,관악구,1162010100,서울특별시 관악구 봉천동 212-3,595,126.960175,37.476459,196477.366398,541892.122043
3227,422,신림초등학교,관악구,1162010200,서울특별시 관악구 신림동 1627-75,630,126.927581,37.477302,193594.364391,541987.383129
3289,355,휘경중학교,동대문구,1123010900,서울특별시 동대문구 휘경동 286-66,459,127.061751,37.587084,205454.007823,554171.180394
3290,357,휘봉고등학교,동대문구,1123010900,서울특별시 동대문구 휘경동 43-138,3500,127.06892,37.58638,206087.249488,554093.439265
3291,370,휘경2동주민센터,동대문구,1123010900,서울특별시 동대문구 휘경동 367-1,157,127.06858,37.590134,206056.877297,554510.095552
3292,354,휘봉초등학교,동대문구,1123010900,서울특별시 동대문구 휘경동 49-27,3500,127.070152,37.586323,206196.054585,554087.255605
3293,371,이문1동주민센터,동대문구,1123011000,서울특별시 동대문구 이문동 120-1,150,127.065478,37.597835,205782.34832,555364.662755
3294,358,이문초등학교,동대문구,1123011000,서울특별시 동대문구 이문동 164-26,887,127.063844,37.602643,205637.72499,555898.224903
3295,396,이문2동주민센터,동대문구,1123011000,서울특별시 동대문구 이문동 237-1,203,127.065116,37.603329,205750.009395,555974.388331
3321,369,휘경1동주민센터,동대문구,1123010900,서울특별시 동대문구 휘경동 135-9,171,127.065763,37.59293,205807.887294,554820.246713
3322,356,서울반도체고등학교,동대문구,1123010900,서울특별시 동대문구 휘경동 49-327,1237,127.069537,37.585333,206141.879679,553977.285419
3643,89,동작중학교,동작구,1159010600,서울특별시 동작구 동작동 59-1,539,126.976271,37.495084,197901.619478,543958.726944
3406,361,금나래문화체육센터,금천구,1154510200,서울특별시 금천구 독산동 1148-0,812,126.895998,37.458838,190798.539568,539940.775515
3407,362,독산어르신체육센터,금천구,1154510200,서울특별시 금천구 독산동 234-86,438,126.905802,37.474353,191667.614697,541661.79675
3453,365,종로노인복지관 무악센터,종로구,1111018700,서울특별시 종로구 무악동 60-2,797,126.958034,37.575829,196292.869712,552921.043643
3454,332,종로노인종합복지관,종로구,1111016500,서울특별시 종로구 이화동 25-1,389,127.006028,37.57672,200532.47038,553019.078043
3455,378,종로구웰니스센터,종로구,1111014900,서울특별시 종로구 원서동 181-5,175,126.988998,37.577859,199028.116306,553145.545972
3574,88,서울동작초등학교,동작구,1159010700,서울특별시 동작구 사당동 산9-1,922,126.976509,37.494105,197922.677039,543850.124266
3575,90,사당중학교,동작구,1159010700,서울특별시 동작구 사당동 209-16,1131,126.968895,37.487813,197249.045962,543151.977952
3576,96,사당종합체육관,동작구,1159010700,서울특별시 동작구 사당동 산21-9,2495,126.969538,37.492666,197306.098558,543690.598549
3577,23,남성중학교,동작구,1159010700,서울특별시 동작구 사당동 304-45,610,126.972489,37.478825,197566.676188,542154.373571
3578,55,서울공업고등학교,동작구,1159010800,서울특별시 동작구 대방동 390-5,717,126.922383,37.501597,193136.837628,544684.169718
3761,98,중앙대학교 체육관,동작구,1159010500,서울특별시 동작구 흑석동 221-0,941,126.955559,37.504522,196070.523473,545006.890319
3909,465,원촌초등학교,서초구,1165010700,서울특별시 서초구 반포동 21-0,555,127.012717,37.506101,201124.385692,545181.38706
3910,476,반포1동주민센터,서초구,1165010700,서울특별시 서초구 반포동 20-48,239,127.01,37.51,200884.136506,545614.046064
3911,412,신반포중학교,서초구,1165010700,서울특별시 서초구 반포동 3-1,863,126.995764,37.505971,199625.462298,545166.809059
3912,348,잠원초등학교,서초구,1165010700,서울특별시 서초구 반포동 17-0,685,126.997902,37.501954,199814.458189,544721.015196
3913,466,심산기념문화센터,서초구,1165010700,서울특별시 서초구 반포동 114-3,917,126.99157,37.499037,199254.586037,544397.2529
3914,351,경원중학교,서초구,1165010600,서울특별시 서초구 잠원동 66-1,723,127.008875,37.510755,200784.646446,545697.845875
3915,377,반원초등학교,서초구,1165010600,서울특별시 서초구 잠원동 72-0,374,127.003876,37.510121,200342.676611,545627.401189
3916,11,방배중학교,서초구,1165010700,서울특별시 서초구 반포동 586-1,99,126.998482,37.494253,199865.771386,543866.318852
3917,473,반포4동주민센터,서초구,1165010700,서울특별시 서초구 반포동 74-7,319,127.0,37.5,200000.0,544504.127773
3918,384,남서울중학교,관악구,1162010200,서울특별시 관악구 신림동 1690-3,863,126.921469,37.481895,193054.189933,542497.638173
3919,393,난우중학교,관악구,1162010200,서울특별시 관악구 신림동 652-156,766,126.92268,37.46663,193159.93449,540803.261693
3920,1,서일초등학교,서초구,1165010800,서울특별시 서초구 서초동 1436-8,653,127.02235,37.485166,201976.702237,542857.977212
3921,342,서이초등학교,서초구,1165010800,서울특별시 서초구 서초동 1334-2,458,127.025993,37.491606,202298.657409,543572.805058
3922,463,서운중학교,서초구,1165010800,서울특별시 서초구 서초동 1325-1,770,127.024521,37.493983,202168.418935,543836.593773
3923,408,상문고등학교,서초구,1165010100,서울특별시 서초구 방배동 1000-1,2100,127.004834,37.479464,200427.565632,542224.911821
3924,363,삼성초등학교,관악구,1162010200,서울특별시 관악구 신림동 233-1,993,126.941029,37.468039,194783.213709,540958.506075
3925,385,삼성중학교,관악구,1162010200,서울특별시 관악구 신림동 220-1,979,126.942816,37.467871,194941.336443,540939.78615
3926,362,신우초등학교,관악구,1162010200,서울특별시 관악구 신림동 315,889,126.932425,37.462739,194021.684073,540370.756129
3927,390,미성중학교,관악구,1162010200,서울특별시 관악구 신림동 745-24,587,126.912426,37.475216,192253.670712,541757.08481
3932,12,서래초등학교,서초구,1165010100,서울특별시 서초구 방배동 771-0,682,126.989296,37.496302,199053.458863,544093.737231
3933,472,방배본동주민센터,서초구,1165010100,서울특별시 서초구 방배동 774-9,324,126.99,37.49,199115.627649,543394.305317
3934,405,신중초등학교,서초구,1165010800,서울특별시 서초구 서초동 1466-5,784,127.009344,37.480193,200826.469087,542305.846686
3935,407,서울고등학교,서초구,1165010800,서울특별시 서초구 서초동 1526-1,2078,127.00557,37.48372,200492.619834,542697.231485
3936,452,서일중학교,서초구,1165010800,서울특별시 서초구 서초동 1313-0,630,127.022184,37.499287,201961.622198,544425.187458
3937,471,서초4동주민센터,서초구,1165010800,서울특별시 서초구 서초동 1302-6,871,127.02,37.5,201768.508891,544504.315675
3938,5,신동초등학교,서초구,1165010600,서울특별시 서초구 잠원동 54-5,577,127.011894,37.516895,201051.465159,546379.376185
3939,409,신동중학교,서초구,1165010600,서울특별시 서초구 잠원동 54-6,730,127.013202,37.516602,201167.104143,546346.844566
4305,96,인수초등학교,강북구,1130510300,서울특별시 강북구 수유동 551-19,764,127.010312,37.642795,200910.099513,560352.803795
4306,92,강북중학교,강북구,1130510300,서울특별시 강북구 수유동 694-0,543,127.026254,37.645071,202317.017563,560605.664036
4059,483,서초종합체육관,서초구,1165010400,서울특별시 서초구 원지동 29-10,500,127.042275,37.45896,203740.210363,539950.029337
4060,349,방배초등학교,서초구,1165010100,서울특별시 서초구 방배동 861-1,726,126.987179,37.487461,198866.105175,543112.52114
4061,13,방일초등학교,서초구,1165010100,서울특별시 서초구 방배동 167-4,561,126.998405,37.485397,199858.964909,542883.35953
4081,328,대치1문화센터,강남구,1168010600,서울특별시 강남구 대치동 646-2,188,127.056771,37.493246,205020.491279,543755.980186
4082,467,서문여자고등학교,서초구,1165010100,서울특별시 서초구 방배동 1514-0,1063,126.985498,37.489342,198717.510885,543321.376616
4083,378,양재초등학교,서초구,1165010200,서울특별시 서초구 양재동 101-0,558,127.031911,37.474192,202822.749739,541640.312124
4084,415,우면초등학교,서초구,1165010300,서울특별시 서초구 우면동 690-0,764,127.023601,37.464659,202087.917404,540582.002686
4085,474,양재1동주민센터,서초구,1165010300,서울특별시 서초구 우면동 68-2,321,127.03,37.47,202653.824293,541174.947803
4086,450,언남중학교,서초구,1165010200,서울특별시 서초구 양재동 310-0,590,127.044113,37.472535,203902.133807,541456.73541
4087,457,매헌초등학교,서초구,1165010200,서울특별시 서초구 양재동 311-1,665,127.042031,37.471242,203718.05604,541313.224429
4088,468,언남문화체육센터,서초구,1165010200,서울특별시 서초구 양재동 309-0,330,127.043372,37.472319,203836.58872,541432.798463
4089,475,양재2동주민센터,서초구,1165010200,서울특별시 서초구 양재동 323-1,350,127.04,37.47,203538.432423,541175.276538
4115,343,서울삼전초등학교,송파구,1171010600,서울특별시 송파구 삼전동 63,5427,127.092589,37.501442,208187.094385,544668.153872
4116,527,대명중학교,강남구,1168010600,서울특별시 강남구 대치동 952-0,700,127.060388,37.506225,205339.408586,545196.713418
4117,330,대치4문화센터,강남구,1168010600,서울특별시 강남구 대치동 928-22,527,127.057884,37.499674,205118.414372,544469.497724
4118,528,도곡초등학교,강남구,1168010600,서울특별시 강남구 대치동 924-10,958,127.054468,37.499549,204816.404795,544455.501795
4119,529,역삼1문화센터,강남구,1168010100,서울특별시 강남구 역삼동 829-20,255,127.033266,37.495395,202941.776889,543993.512547
4120,15,도성초등학교,강남구,1168010100,서울특별시 강남구 역삼동 714,946,127.049183,37.500908,204349.015893,544606.025936
4121,530,역삼중학교,강남구,1168010100,서울특별시 강남구 역삼동 767-20,1042,127.048597,37.49595,204297.445301,544055.723146
4122,16,언주초등학교,강남구,1168011800,서울특별시 강남구 도곡동 922,785,127.037033,37.486646,203275.226695,543022.652718
4123,532,대도초등학교,강남구,1168011800,서울특별시 강남구 도곡동 106-1,646,127.052832,37.492723,204672.116502,543697.771151
4124,446,언남초등학교,서초구,1165010900,서울특별시 서초구 내곡동 122-0,330,127.061895,37.453963,205476.480731,539396.424172
4125,469,내곡중학교,서초구,1165011100,서울특별시 서초구 신원동 294-0,765,127.054329,37.452038,204807.12038,539182.376193
4126,470,오라카이 청계산 호텔,서초구,1165011100,서울특별시 서초구 신원동 604-0,20177,127.046963,37.462209,204154.816211,540310.865799
4127,523,논현1문화센터,강남구,1168010800,서울특별시 강남구 논현동 133-13,425,127.028512,37.511501,202520.767714,545781.001699
4128,520,논현2문화센터,강남구,1168010800,서울특별시 강남구 논현동 114-24,463,127.03705,37.517374,203275.3885,546433.084306
4129,7,언북초등학교,강남구,1168010400,서울특별시 강남구 청담동 27,1086,127.045637,37.519989,204034.413798,546723.641084
4130,524,청담중학교,강남구,1168010400,서울특별시 강남구 청담동 143-0,884,127.045542,37.528518,204025.5635,547670.263858
4131,526,경기고등학교,강남구,1168010500,서울특별시 강남구 삼성동 74-4,614,127.056003,37.517426,204950.970281,546439.608815
4132,525,봉은초등학교,강남구,1168010500,서울특별시 강남구 삼성동 79-2,1056,127.060791,37.520101,205374.03282,546736.770615
4133,536,구룡초등학교,강남구,1168010300,서울특별시 강남구 개포동 655-0,896,127.052053,37.481323,204603.95067,542432.537598
4134,540,세명초등학교,강남구,1168011100,서울특별시 강남구 세곡동 529-0,3128,127.09134,37.468935,208080.084209,541060.25253
4135,537,서울로봇고등학교,강남구,1168011400,서울특별시 강남구 일원동 738-0,1204,127.084708,37.480634,207492.278166,542358.114232
4136,24,중동고등학교,강남구,1168011400,서울특별시 강남구 일원동 618,1478,127.080772,37.493132,207142.933457,543744.960409
4137,538,영희초등학교,강남구,1168011400,서울특별시 강남구 일원동 617-0,939,127.081001,37.492273,207163.264169,543649.591202
4138,541,수서중학교,강남구,1168011500,서울특별시 강남구 수서동 710-0,862,127.102389,37.491066,209054.828478,543517.439069
4139,478,풍성중학교,송파구,1171010300,서울특별시 송파구 풍납동 388-16,1922,127.113067,37.525367,209994.588181,547325.499985
4140,477,서울토성초등학교,송파구,1171010300,서울특별시 송파구 풍납동 251-0,1070,127.115853,37.532112,210240.001457,548074.491259
4141,369,송파구체육문화회관,송파구,1171011300,서울특별시 송파구 거여동 289,2461,127.142825,37.490627,212630.980374,543473.463261
4148,472,서울영풍초등학교,송파구,1171011300,서울특별시 송파구 거여동 12-0,2971,127.143163,37.496081,212659.90803,544078.802854
4149,476,서울방이초등학교,송파구,1171011100,서울특별시 송파구 방이동 167-0,2925,127.120814,37.513036,210681.190322,545957.82713
4150,479,방산고등학교,송파구,1171011100,서울특별시 송파구 방이동 220-5,3435,127.120555,37.508447,210658.912783,545448.500292
4151,480,오륜중학교,송파구,1171011100,서울특별시 송파구 방이동 89-7,851,127.1389,37.516352,212279.644091,546328.05707
4152,531,대치중학교,강남구,1168011800,서울특별시 강남구 도곡동 460-0,1006,127.047462,37.484604,204197.729548,542796.431633
4153,533,구룡중학교,강남구,1168010300,서울특별시 강남구 개포동 650-0,1129,127.055745,37.486102,204930.202418,542963.093557
4154,534,양전초등학교,강남구,1168010300,서울특별시 강남구 개포동 183-0,998,127.069121,37.490257,206112.863718,543425.022799
4155,535,개원중학교,강남구,1168010300,서울특별시 강남구 개포동 184-0,2034,127.071735,37.49172,206343.900926,543587.544029
4156,25,대진초등학교,강남구,1168010300,서울특별시 강남구 개포동 13-0,330,127.078031,37.496678,206900.258592,544138.27582
4157,539,중동중학교,강남구,1168011400,서울특별시 강남구 일원동 692-0,1970,127.078707,37.488327,206960.804723,543211.487109
4158,21,포이초등학교,강남구,1168010300,서울특별시 강남구 개포동 1273-0,1826,127.052878,37.476029,204677.255097,541844.999409
4616,326,신목고등학교,양천구,1147010100,서울특별시 양천구 신정동 330-3,415,126.873736,37.512605,188836.95098,545910.620839
4617,314,서울서정초등학교,양천구,1147010200,서울특별시 양천구 목동 927-5,600,126.867516,37.524243,188288.82746,547203.029096
4618,336,목운초등학교,양천구,1147010200,서울특별시 양천구 목동 922-0,1281,126.873029,37.526841,188776.557641,547490.680562
4619,315,양화초등학교 체육관,양천구,1147010200,서울특별시 양천구 목동 542,632,126.874544,37.543381,188912.873838,549326.318522
4620,378,목동문화체육센터,양천구,1147010200,서울특별시 양천구 목동 946-1,620,126.869047,37.542793,188427.00339,549261.675592
4621,375,서울광남초등학교,광진구,1121510400,서울특별시 광진구 광장동 554,750,127.100806,37.541118,208908.885796,549072.430791
4622,377,서울광장초등학교,광진구,1121510400,서울특별시 광진구 광장동 389-1,800,127.101796,37.548618,208995.49455,549904.944513
4623,420,옥수초등학교,성동구,1120011200,서울특별시 성동구 금호동4가 440-12,576,127.021923,37.549585,201937.268416,550007.669033
4624,489,금호4가동주민센터,성동구,1120011200,서울특별시 성동구 금호동4가 803-0,255,127.022373,37.547199,201977.077105,549742.9122
4625,421,옥정초등학교,성동구,1120011300,서울특별시 성동구 옥수동 233-16,2722,127.01556,37.541934,201375.130109,549158.388519
4567,57,남가좌1동주민센터,서대문구,1141012000,서울특별시 서대문구 남가좌동 385-3,188,126.919834,37.573246,192918.190522,552636.529193
4568,36,명지대방목학술정보관,서대문구,1141012000,서울특별시 서대문구 남가좌동 50-3,900,126.921374,37.580354,193054.941375,553425.296118
4569,20,북가좌초등학교,서대문구,1141011900,서울특별시 서대문구 북가좌동 186-108,588,126.907642,37.577146,191841.586662,553070.413035
4570,41,가재울중학교,서대문구,1141011900,서울특별시 서대문구 북가좌동 472-0,375,126.909842,37.575387,192035.759769,552874.982145
4626,490,옥수동주민센터,성동구,1120011300,서울특별시 성동구 옥수동 276-6,229,127.013492,37.543654,201192.340318,549349.297112
4627,422,경일중학교,성동구,1120011400,서울특별시 성동구 성수동1가 22-27,676,127.048106,37.543598,204251.32009,549344.046057
4628,491,성수1가제1동주민센터,성동구,1120011400,서울특별시 성동구 성수동1가 27-23,195,127.04968,37.542089,204390.540206,549176.646611
4629,423,성수중학교,성동구,1120011400,서울특별시 성동구 성수동1가 685-143,1386,127.038974,37.547222,203444.101545,549745.896925
4630,424,성수고등학교,성동구,1120011400,서울특별시 성동구 성수동1가 685-549,1988,127.038223,37.547833,203377.771917,549813.717741
4631,492,성수1가제2동주민센터,성동구,1120011400,서울특별시 성동구 성수동1가 685-580,213,127.044337,37.5463,203918.131485,549643.760521
4632,425,성원중학교,성동구,1120011500,서울특별시 성동구 성수동2가 333-17,1568,127.052308,37.539352,204622.959903,548872.995585
4633,493,성수2가제1동주민센터,성동구,1120011500,서울특별시 성동구 성수동2가 333-134,140,127.053985,37.539505,204771.158249,548890.059373
4634,500,성수2가제3동주민센터,성동구,1120011500,서울특별시 성동구 성수동2가 299-240,190,127.055243,37.548233,204881.765275,549858.818362
4635,434,대현산체육관,성동구,1120010700,서울특별시 성동구 행당동 산30-40,1090,127.030107,37.553961,202660.292897,550493.553818
4636,482,행당제2동주민센터,성동구,1120010700,서울특별시 성동구 행당동 347-1,126,127.029365,37.558234,202594.62185,550967.731958
4637,483,응봉초등학교,성동구,1120010800,서울특별시 성동구 응봉동 193-0,380,127.033493,37.550151,202959.670988,550070.801776
4638,486,금호고등학교,성동구,1120010900,서울특별시 성동구 금호동1가 1822-0,670,127.023494,37.553647,202075.975792,550458.536978
4639,487,금호1가동주민센터,성동구,1120010900,서울특별시 성동구 금호동1가 127-2,270,127.021662,37.55484,201914.07025,550590.896866
4640,485,금북초등학교,성동구,1120010900,서울특별시 성동구 금호동1가 1-72,240,127.023668,37.557345,202091.277513,550868.944813
4641,418,금호초등학교,성동구,1120011000,서울특별시 성동구 금호동2가 511-0,2680,126.964886,37.574163,196898.075888,552735.849751
4642,488,금호2-3가동주민센터,성동구,1120011000,서울특별시 성동구 금호동2가 1212-0,266,127.020994,37.553177,201855.097983,550406.326987
4643,436,금호공원체육관,성동구,1120011100,서울특별시 성동구 금호동3가 1266-0,660,127.018711,37.549396,201653.449474,549986.589904
4644,498,별장여관,성동구,1120011100,서울특별시 성동구 금호동3가 208-0,32,127.025326,37.548305,202238.009657,549865.711082
4645,419,금옥초등학교,성동구,1120011200,서울특별시 성동구 금호동4가 987-0,561,127.017579,37.546695,201553.462402,549686.833225
4646,417,무학여자고등학교,성동구,1120010700,서울특별시 성동구 행당동 322-1,1178,127.033196,37.557667,202933.112187,550904.966491
4647,457,자양문화체육센터,광진구,1121510500,서울특별시 광진구 자양동 594-0,660,127.077468,37.529196,206847.478401,547747.29662
4648,439,자양제3동주민센터,광진구,1121510500,서울특별시 광진구 자양동 519-10,141,127.072746,37.533941,206429.674452,548273.66744
4649,458,구의제2동주민센터,광진구,1121510300,서울특별시 광진구 구의동 63-7,294,127.089905,37.547255,207944.916704,549752.612199
4650,2,중랑초등학교,중랑구,1126010100,서울특별시 중랑구 면목동 192-1,810,127.075785,37.589181,206693.335899,554404.86671
4651,416,광남중학교,광진구,1121510400,서울특별시 광진구 광장동 554-15,939,127.101691,37.540771,208987.21698,549034.084436
4652,413,양진중학교,광진구,1121510400,서울특별시 광진구 광장동 32-0,629,127.098343,37.544573,208690.834316,549455.696753
4653,355,서울자양초등학교,광진구,1121510500,서울특별시 광진구 자양동 222-6,774,127.079541,37.536798,207029.98609,548591.257849
4654,381,광양고등학교,광진구,1121510500,서울특별시 광진구 자양동 674-1,2856,127.086086,37.529349,207609.17164,547764.958859
4655,409,광진중학교,광진구,1121510500,서울특별시 광진구 자양동 693-0,630,127.089529,37.532263,207913.214654,548088.699856
4656,407,서울신자초등학교,광진구,1121510500,서울특별시 광진구 자양동 591-0,2061,127.075586,37.530238,206681.000852,547862.805907
4657,357,서울동자초등학교,광진구,1121510500,서울특별시 광진구 자양동 516-4,728,127.073088,37.534675,206459.846087,548355.077057
4658,406,자양중학교,광진구,1121510500,서울특별시 광진구 자양동 516-4,1140,127.074461,37.535586,206581.07909,548456.345301
4659,405,자양고등학교,광진구,1121510500,서울특별시 광진구 자양동 711-2,975,127.073081,37.536062,206459.091821,548509.066485
4660,403,신양중학교,광진구,1121510500,서울특별시 광진구 자양동 57-164,1142,127.063321,37.533449,205596.678667,548218.405602
4661,412,서울광진초등학교,광진구,1121510300,서울특별시 광진구 구의동 60-44,11848,127.091433,37.547561,208079.837473,549786.723532
4662,423,서울구남초등학교,광진구,1121510300,서울특별시 광진구 구의동 215-29,405,127.092106,37.537173,208140.465072,548633.819612
4663,494,성수초등학교,성동구,1120011500,서울특별시 성동구 성수동2가 277-32,320,127.063435,37.544241,205605.932489,549416.249177
4664,427,송원초등학교,성동구,1120011800,서울특별시 성동구 송정동 72-8,680,127.069348,37.554055,206127.704898,550505.819841
4665,495,송정동주민센터,성동구,1120011800,서울특별시 성동구 송정동 72-31,79,127.069585,37.554523,206148.610809,550557.78773
4666,428,서울새활용플라자,성동구,1120012200,서울특별시 성동구 용답동 250-14,1630,127.057632,37.558581,205092.151516,551007.45283
4667,496,용답동주민센터,성동구,1120012200,서울특별시 성동구 용답동 5-6,150,127.055565,37.564098,204909.167612,551619.618181
4668,410,구의중학교,광진구,1121510700,서울특별시 광진구 화양동 303-18,7069,127.079257,37.542754,207004.351456,549252.212393
4669,411,서울구의초등학교,광진구,1121510700,서울특별시 광진구 화양동 303-9,1630,127.079547,37.543007,207029.912229,549280.361654
4670,420,중곡제1동주민센터,광진구,1121510100,서울특별시 광진구 중곡동 259-10,198,127.080144,37.560695,207081.044313,551243.489729
4671,349,서울용곡초등학교,광진구,1121510100,서울특별시 광진구 중곡동 176-1,2637,127.088537,37.566836,207821.934838,551925.751881
4672,422,능동주민센터,광진구,1121510200,서울특별시 광진구 능동 232-4,255,127.0804,37.553752,207104.305176,550472.990496
4708,328,중목초등학교,중랑구,1126010100,서울특별시 중랑구 면목동 180-5,577,127.079339,37.590045,207007.139632,554500.941383
4709,323,용마중학교,중랑구,1126010100,서울특별시 중랑구 면목동 378-2,540,127.085949,37.57422,207592.544226,552745.10015
4710,327,중곡초등학교,중랑구,1126010100,서울특별시 중랑구 면목동 380,786,127.083759,37.574264,207399.063173,552749.78006
4711,471,면목5동 주민센터,중랑구,1126010100,서울특별시 중랑구 면목동 175-18,147,127.079482,37.585833,207020.178936,554033.517522
4712,1,면동초등학교,중랑구,1126010100,서울특별시 중랑구 면목동 551,630,127.086674,37.585269,207655.475432,553971.532778
4713,445,면목초등학교,중랑구,1126010100,서울특별시 중랑구 면목동 221,627,127.087486,37.590737,207726.591168,554578.389034
4714,469,면목본동 주민센터,중랑구,1126010100,서울특별시 중랑구 면목동 115-18,212,127.087497,37.587491,207727.925608,554218.165989
4715,7,면남초등학교,중랑구,1126010100,서울특별시 중랑구 면목동 583-15,527,127.088251,37.577207,207795.560135,553076.797956
4716,9,면목고등학교,중랑구,1126010100,서울특별시 중랑구 면목동 77,1130,127.100763,37.587417,208899.584013,554211.155801
4717,446,화양동주민센터,광진구,1121510700,서울특별시 광진구 화양동 122-0,135,127.071322,37.546597,206302.727894,549678.208427
4718,417,광남고등학교,광진구,1121510400,서울특별시 광진구 광장동 554-11,273,127.101699,37.541736,208987.729531,549141.165092
4719,443,광장동주민센터,광진구,1121510400,서울특별시 광진구 광장동 248-24,177,127.102983,37.546956,209100.578908,549720.639994
4720,431,자양제1동주민센터,광진구,1121510500,서울특별시 광진구 자양동 630-1,156,127.082515,37.534484,207293.053548,548334.581005
4721,408,광양중학교,광진구,1121510500,서울특별시 광진구 자양동 674-0,939,127.085416,37.530389,207549.929746,547880.392014
4722,444,자양2동주민센터,광진구,1121510500,서울특별시 광진구 자양동 669-2,170,127.084536,37.528853,207472.289503,547709.836965
6040,460,대림도서관,영등포구,1156013300,서울특별시 영등포구 대림동 608-2,216,126.896054,37.504313,190809.018174,544987.917526
6041,87,숭실대학교,동작구,1159010200,서울특별시 동작구 상도동 511-0,851,126.95828,37.497243,196310.790126,544198.955294
6042,49,국사봉중학교,동작구,1159010200,서울특별시 동작구 상도동 214-437,907,126.945022,37.493712,195138.159311,543807.625919
6114,357,난우초등학교,관악구,1162010200,서울특별시 관악구 신림동 589-1,501,126.917696,37.476578,192719.948397,541907.810375
6115,401,미성체육관,관악구,1162010200,서울특별시 관악구 신림동 594-9,977,126.919309,37.477868,192862.747632,542050.818593
6116,397,봉천초등학교,관악구,1162010100,서울특별시 관악구 봉천동 산79-7,1126,126.957873,37.482654,196274.043229,542579.766347
6117,379,관악중학교,관악구,1162010100,서울특별시 관악구 봉천동 100-569,580,126.962009,37.480729,196639.72151,542365.963555
6118,388,청룡초등학교,관악구,1162010100,서울특별시 관악구 봉천동 390-3,340,126.951289,37.475877,195691.359032,541827.870683
6119,398,청룡산체육관,관악구,1162010100,서울특별시 관악구 봉천동 산175-36,684,126.949371,37.474125,195521.553933,541633.516147
6120,382,봉림중학교,관악구,1162010100,서울특별시 관악구 봉천동 1531-38,555,126.93819,37.480736,194533.001548,542367.899112
6121,387,은천초등학교,관악구,1162010100,서울특별시 관악구 봉천동 622-1,805,126.943129,37.486838,194970.26762,543044.867142
6122,395,서울관광고등학교,관악구,1162010100,서울특별시 관악구 봉천동 1694-0,432,126.94377,37.487846,195027.070192,543156.681134
6123,381,신봉초등학교,관악구,1162010100,서울특별시 관악구 봉천동 458-0,868,126.949271,37.48571,195513.414337,542919.346977
6124,394,인헌고등학교,관악구,1162010100,서울특별시 관악구 봉천동 174-5,794,126.970026,37.471717,197348.566421,541365.535285
5585,367,신정4동주민센터,양천구,1147010100,서울특별시 양천구 신정동 949-5,144,126.855824,37.52464,187255.350293,547248.604394
5586,32,목일중학교,양천구,1147010100,서울특별시 양천구 신정동 330-2,644,126.874308,37.513309,188887.585546,545988.669412
5587,348,양천구청 본관,양천구,1147010100,서울특별시 양천구 신정동 321-4,396,126.866631,37.516984,188209.43015,546397.484721
5588,349,해누리타운(양천구청 별관),양천구,1147010100,서울특별시 양천구 신정동 322-11,350,126.86382,37.516035,187960.838943,546292.572367
5606,363,신월4동주민센터,양천구,1147010300,서울특별시 양천구 신월동 425-2,232,126.840078,37.524709,185863.493042,547258.556772
5607,351,신월중학교,양천구,1147010300,서울특별시 양천구 신월동 17-6,723,126.828871,37.541029,184876.078283,549071.573037
5608,338,강신초등학교 교사시설,양천구,1147010300,서울특별시 양천구 신월동 6-7,120,126.829448,37.542539,184927.44036,549239.055431
5609,344,신월5동주민센터,양천구,1147010300,서울특별시 양천구 신월동 52-2,150,126.827185,37.538579,184726.655165,548799.95608
5610,345,신월6동주민센터,양천구,1147010300,서울특별시 양천구 신월동 1078-1,181,126.840951,37.514548,185938.760049,546130.699513
5611,376,강신중학교,양천구,1147010300,서울특별시 양천구 신월동 1010-0,936,126.838911,37.515242,185758.493719,546208.011721
5612,22,강월초등학교 체육관,양천구,1147010300,서울특별시 양천구 신월동 987-3,796,126.834725,37.515897,185388.612764,546281.332485
5613,383,양천중학교,양천구,1147010300,서울특별시 양천구 신월동 948-0,970,126.830616,37.519523,185026.002256,546684.44709
5614,389,지양경로당,양천구,1147010300,서울특별시 양천구 신월동 331-104,146,126.828219,37.522655,184814.735261,547032.42883
5615,24,신서중학교 체육관,양천구,1147010100,서울특별시 양천구 신정동 310-6,860,126.856161,37.515658,187283.6051,546251.691209
5616,322,신서초등학교 체육관,양천구,1147010100,서울특별시 양천구 신정동 312-1,793,126.862415,37.520276,187837.260292,546763.416583
5617,333,신정종합사회복지관,양천구,1147010100,서울특별시 양천구 신정동 919-6,238,126.860493,37.526495,187668.360953,547453.840774
5618,365,신정1동주민센터,양천구,1147010100,서울특별시 양천구 신정동 1051-11,140,126.854215,37.518586,187112.099437,546576.897255
5619,12,목동초등학교 체육관,양천구,1147010100,서울특별시 양천구 신정동 86-2,810,126.872085,37.522482,188692.406562,547007.069886
5620,323,목동중학교 체육관,양천구,1147010100,서울특별시 양천구 신정동 85-168,620,126.870889,37.520104,188586.329722,546743.262697
5621,335,신목초등학교 체육관,양천구,1147010100,서울특별시 양천구 신정동 281-2,661,126.873275,37.516979,188796.783822,546396.086822
5622,324,남명초등학교,양천구,1147010100,서울특별시 양천구 신정동 653-4,577,126.853923,37.515394,187085.732836,546222.64205
5623,325,금옥중학교 체육관,양천구,1147010100,서울특별시 양천구 신정동 729,621,126.843845,37.510652,186193.864383,545697.838628
5624,346,신정3동넒은들민원센터,양천구,1147010100,서울특별시 양천구 신정동 1287-5,372,126.841522,37.511437,185988.668344,545785.233759
5625,385,서울지향초등학교,양천구,1147010100,서울특별시 양천구 신정동 1284-0,650,126.837162,37.513239,185603.512408,545985.951177
5626,372,서울신은초등학교,양천구,1147010100,서울특별시 양천구 신정동 1319-0,700,126.831893,37.514078,185137.835345,546079.865575
5627,373,서울장수초등학교,양천구,1147010100,서울특별시 양천구 신정동 1288-2,478,126.844938,37.512778,186290.91952,545933.619036
5628,29,양목초등학교,양천구,1147010100,서울특별시 양천구 신정동 1001,2986,126.86123,37.52369,187733.100503,547142.49516
5629,340,신서고등학교,양천구,1147010100,서울특별시 양천구 신정동 984-1,844,126.859937,37.523831,187618.792115,547158.28611
6125,383,신관중학교,관악구,1162010200,서울특별시 관악구 신림동 87-81,935,126.933953,37.480276,194158.23474,542317.124071
6126,18,남부초등학교,관악구,1162010200,서울특별시 관악구 신림동 467,612,126.922099,37.484888,193110.219845,542829.740798
6127,371,난향초등학교,관악구,1162010200,서울특별시 관악구 신림동 672,168,126.917891,37.462102,192735.812882,540301.134905
6128,335,조원초등학교,관악구,1162010200,서울특별시 관악구 신림동 548-2,1271,126.90946,37.484215,191992.259377,542756.057772
6129,93,영등포중학교,동작구,1159010800,서울특별시 동작구 대방동 13-2,861,126.934257,37.507527,194187.256682,545341.544889
6130,92,서울영화초등학교,동작구,1159010800,서울특별시 동작구 대방동 44-3,772,126.932717,37.509224,194051.177697,545530.054173
6131,94,강남중학교,동작구,1159010800,서울특별시 동작구 대방동 390-6,593,126.921876,37.502788,193092.12458,544816.421303
6132,91,서울신길초등학교,동작구,1159010800,서울특별시 동작구 대방동 353-8,351,126.926322,37.510068,193485.883925,545624.064298
6133,99,대방동주민센터,동작구,1159010800,서울특별시 동작구 대방동 350-8,231,126.926254,37.508174,193479.678826,545413.935793
6134,26,서울문창초등학교,동작구,1159010900,서울특별시 동작구 신대방동 640,1014,126.913912,37.488915,192386.537143,543277.293133
6135,43,수도여자고등학교,동작구,1159010900,서울특별시 동작구 신대방동 470-13,202,126.915514,37.493069,192528.613568,543738.242109
6136,95,서울보라매초등학교,동작구,1159010900,서울특별시 동작구 신대방동 488-1,1092,126.916228,37.496004,192592.071585,544063.896881
6137,391,당곡고등학교,관악구,1162010100,서울특별시 관악구 봉천동 679-0,382,126.934694,37.491732,194224.655392,543588.508643
6138,380,당곡중학교,관악구,1162010100,서울특별시 관악구 봉천동 676-10,856,126.933161,37.491905,194089.102278,543607.812298
6139,386,구암고등학교,관악구,1162010100,서울특별시 관악구 봉천동 1712-25,852,126.950337,37.49232,195608.049853,543652.855373
6140,389,구암중학교,관악구,1162010100,서울특별시 관악구 봉천동 1712-5,525,126.948362,37.492677,195433.450632,543692.675984
6141,378,구암초등학교,관악구,1162010100,서울특별시 관악구 봉천동 483-3,513,126.947164,37.48964,195327.347461,543355.633189
6147,16,양강초등학교 체육관,양천구,1147010300,서울특별시 양천구 신월동 495-1,613,126.848589,37.52415,186615.686058,547195.196502
6148,319,양강중학교 체육관,양천구,1147010300,서울특별시 양천구 신월동 499-2,684,126.850318,37.524444,186768.577343,547227.582246
6149,361,신월2동주민센터,양천구,1147010300,서울특별시 양천구 신월동 483-11,174,126.844634,37.525031,186266.278946,547293.629844
6150,320,양원초등학교,양천구,1147010300,서울특별시 양천구 신월동 40-1,662,126.823043,37.53865,184360.543348,548808.534894
6151,375,서울신원초등학교,양천구,1147010300,서울특별시 양천구 신월동 202-1,580,126.83053,37.529291,185020.38196,547768.575624
6152,362,신월3동주민센터,양천구,1147010300,서울특별시 양천구 신월동 167-5,115,126.829176,37.533756,184901.592579,548264.294773
6153,18,강서초등학교 체육관,양천구,1147010300,서울특별시 양천구 신월동 441,663,126.840059,37.522012,185861.252304,546959.164034
5678,328,계남초등학교 체육관,양천구,1147010100,서울특별시 양천구 신정동 325-7,983,126.860935,37.509799,187704.752236,545600.742791
5679,327,갈산초등학교,양천구,1147010100,서울특별시 양천구 신정동 330-10,660,126.869629,37.51145,188473.619606,545782.925715
5680,347,양천어르신종합복지관,양천구,1147010100,서울특별시 양천구 신정동 325-3,160,126.858616,37.510433,187499.809203,545671.417643
5681,391,갈산문화예술센터,양천구,1147010100,서울특별시 양천구 신정동 1325-3,168,126.870713,37.510419,188569.324819,545668.335556
5682,340,염경초등학교,강서구,1150010100,서울특별시 강서구 염창동 79,843,126.871235,37.554774,188622.19182,550591.13613
5683,422,염경중학교,강서구,1150010100,서울특별시 강서구 염창동 79-8,690,126.870684,37.554496,188573.488181,550560.364876
5684,432,JK블라썸 호텔,강서구,1150010100,서울특별시 강서구 염창동 20-85,8284,126.867609,37.556842,188302.156619,550821.147954
5685,319,백석초등학교,강서구,1150010200,서울특별시 강서구 등촌동 650-14,750,126.862035,37.553252,187809.061925,550423.42318
5686,429,백석중학교,강서구,1150010200,서울특별시 강서구 등촌동 520-5,600,126.859303,37.54819,187566.797391,549861.906079
5687,414,등촌중학교,강서구,1150010200,서울특별시 강서구 등촌동 534-9,862,126.859403,37.552463,187576.34349,550336.124912
5688,423,등마초등학교,강서구,1150010200,서울특별시 강서구 등촌동 718-0,649,126.861622,37.541924,187770.705199,549166.16351
5689,330,화원중학교,강서구,1150010300,서울특별시 강서구 화곡동 351-94,581,126.842567,37.536716,186085.731657,548590.787506
6194,22,올림픽기념국민생활관,종로구,1111016900,서울특별시 종로구 혜화동 1-21,1224,126.9988,37.590339,199894.028033,554530.635508
6195,369,종로구민회관,종로구,1111017400,서울특별시 종로구 창신동 222-8,953,127.014372,37.573464,201269.595556,552657.782988
6196,377,종로구보훈회관,종로구,1111016500,서울특별시 종로구 이화동 13-10,213,127.005682,37.57642,200501.943854,552985.776267
5979,80,서울삼일초등학교,동작구,1159010700,서울특별시 동작구 사당동 105-23,630,126.975203,37.488285,197806.929265,543204.153703
6039,415,신영초등학교,영등포구,1156013300,서울특별시 영등포구 대림동 781-0,552,126.895334,37.500499,190744.955469,544564.693081
